859.08,1743.07
230.32,1789.35
885.64,1505.47
759.74,1908.24
402.03,1755.1
702.16,1820.99
297.12,1704.68
799.29,3087.54
667.1,2741.29
883.99,2740.02
476.58,2349.47
904,2367.95
562.25,2416.41
357.73,
38.01,
780.95,
649.51,
799.52,
750.92,
814.16,
608.61,
9.59,
196.29,
565.49,
154.2,
575.38,
224.13,
139.3,
148.75,
911.68,
752.58,
788.97,
172.68,
344.32,
608.29,
30.04,
303.18,
558.22,
745.2,
541.35,
759.93,
974.36,
549.51,
930.11,
176.02,
452.28,
156.18,
268.68,
934.26,
738.97,
449.15,
301.73,
230.3,
813.86,
796.54,
466.17,
18.44,
451.43,
582.02,
64.26,
311.7,
989.96,
834.82,
266.59,
833.03,
916.79,
554.03,
188.99,
299.25,
481.64,
951.72,
299.18,
691.06,
293.69,
946.44,
300.21,
79.81,
595.39,
461.97,
826.08,
669.43,
292.5,
142.39,
499.53,
147.6,
561.73,
292.87,
408.86,
433.08,
500.15,
267.35,
356.13,
119.49,
190.29,
817.09,
243.2,
312.19,
103.7,
923.74,
804.89,
926.11,
946.13,
777.1,
328.44,
823.99,
888.04,
17.6,
300.7,
39.93,
181.3,
411.72,
479.54,
606.3,
967.49,
383.24,
418.27,
986.06,
646.73,
292.17,
841.75,
538.67,
347.7,
366.64,
860.53,
625.31,
693.6,
455.14,
646.84,
562.47,
533.97,
503.28,
863.97,
34.54,
866.61,
172.76,
620.21,
879.63,
171.63,
656.94,
679.26,
515.14,
60.62,
154.08,
681.41,
485.18,
196.35,
374.15,
303,
25.24,
990.5,
230.77,
983.69,
677.51,
867.38,
930.62,
61.92,
589.7,
118.62,
981.75,
185.58,
365.39,
980.86,
238.99,
882.75,
126.41,
286.99,
358.69,
569.63,
373.78,
766.69,
356.91,
768.11,
372.86,
418.37,
841.26,
728.93,
33.82,
730.01,
727.5,
107.29,
997.59,
888.97,
402.44,
92.92,
173.03,
879.87,
138.08,
222.22,
498.9,
225.21,
206.62,
907.85,
411.17,
816.48,
94.98,
879.11,
858.07,
242.7,
715.43,
219.92,
125.73,
458.03,
195.01,
819.77,
617.35,
54.19,
363.96,
774.29,
404.31,
317.15,
676.85,
1.28,
742.21,
512.71,
510.3,
699.58,
38.22,
242.03,
680.77,
80.81,
421.39,
854.49,
469.26,
798.01,
124.6,
303.58,
556.82,
487.54,
987.95,
363.46,
224.44,
389.6,
761.56,
746.73,
45.81,
886.96,
953.7,
186.06,
325.78,
844.51,
147.55,
857.14,
108.13,
345.95,
489.67,
851.91,
300.58,
116.66,
345.27,
163.36,
261.78,
130.79,
679.58,
488.08,
307.5,
484.27,
110.85,
876.35,
483.59,
502.11,
348.17,
444.8,
857.08,
38.32,
225.76,
179.17,
791.92,
862.16,
807.55,
285.47,
250.03,
963.68,
353.43,
481.24,
568.99,
108.51,
150.14,
864.5,
353.43,
572.81,
636.29,
694.49,
573.24,
524.72,
635.65,
801.29,
469.65,
473.38,
291.76,
651.04,
131.85,
990.25,
368.01,
459.18,
212.44,
773.93,
33.29,
245.22,
953.63,
372.43,
92.9,
704.1,
977.54,
774.37,
899.24,
399.45,
983.46,
259.23,
616.81,
835.91,
440.73,
293.55,
687.34,
960,
949.34,
154.59,
890.31,
625.18,
793.09,
428.18,
168.33,
847.12,
706.05,
387.09,
741.45,
477,
651.66,
751.08,
783.05,
652.17,
206.11,
100.96,
651.07,
877.6,
775.25,
893.88,
414.57,
392.17,
47.73,
910.49,
581.99,
575.82,
431.66,
36.82,
116.41,
582.41,
19.79,
320.88,
576.62,
770.69,
766.4,
610.91,
956.64,
912.86,
644.9,
321.13,
833.69,
561.25,
753.97,
772.95,
710.89,
26.24,
24.89,
241.22,
475.24,
814.07,
586.56,
927.73,
393.99,
455.77,
737.75,
607.5,
647.65,
666.69,
640.08,
143.79,
227.16,
765.35,
420.19,
113.31,
146.03,
45.79,
957.33,
280.78,
649.25,
645.69,
575.37,
942.89,
755.14,
392.64,
110.49,
788.28,
419.09,
770.6,
517.37,
202.09,
621.72,
300.45,
225.61,
646.32,
902.64,
315.01,
433.09,
172.5,
108.23,
615.17,
19.41,
545.3,
821.67,
36.38,
699.32,
326.15,
677.77,
812.23,
542.53,
92.9,
506.26,
679.71,
727.52,
207.78,
279.36,
848.17,
632.5,
902.96,
914.88,
888.8,
571.59,
418.16,
269.39,
591.87,
617.07,
63.2,
427.68,
60.65,
619.06,
238.82,
789.6,
879.61,
223.57,
565.93,
79.89,
648.05,
923.24,
599.19,
818.38,
921.54,
682.67,
637.7,
404.44,
835.15,
33.55,
71.13,
465,
228.27,
426.08,
114.09,
531.56,
35.51,
268.65,
562.89,
827.51,
444.5,
813.85,
398.99,
573.64,
646.08,
984.87,
838.98,
762.25,
783.05,
845.34,
272.6,
676.91,
389.59,
207.11,
663.04,
286.84,
675.75,
889.84,
367.4,
592.16,
870.15,
187.76,
497.72,
860.63,
932.37,
327.89,
191.95,
643.08,
808.78,
894.43,
23.8,
630.14,
223.23,
736.46,
292.09,
655.16,
147.12,
995.86,
45.68,
386.78,
611.31,
868.27,
866.44,
745.47,
430.49,
623.12,
523.25,
731.29,
149.04,
733.43,
672.54,
334.61,
21.57,
630.68,
888.1,
142.58,
662.35,
809.79,
106.68,
508.44,
53.1,
220.2,
853.81,
633.21,
78.69,
669.13,
17.66,
721.43,
991.63,
93.86,
964.4,
420.14,
495.16,
310.51,
852.67,
42.51,
625.16,
276.45,
589.95,
52.06,
976.76,
464.88,
491.63,
944.89,
27.82,
630.1,
457.8,
977.57,
9.53,
970.01,
637.2,
529.42,
771.23,
192.05,
354.3,
616.15,
613.06,
403.57,
732.97,
878.57,
97.62,
875.9,
65.84,
689.89,
14.77,
667.24,
867.94,
450.73,
935.39,
395.99,
445.72,
272.6,
222.4,
714.09,
221.32,
36.72,
40.65,
231.47,
623.79,
729.54,
578.06,
234.58,
563.85,
212.59,
204.47,
775.36,
438.58,
262.7,
536.65,
519.4,
18.61,
805.03,
583.52,
207.41,
862.75,
678.56,
643.35,
269.38,
359.03,
573.39,
311.75,
895.09,
512.96,
37.17,
284.42,
633.13,
776.31,
667.97,
385.33,
707.36,
644.08,
531.23,
740.45,
471.28,
901.31,
848.3,
479.78,
41.32,
537.74,
170.78,
937.89,
334.42,
938.79,
131.82,
35.98,
776.76,
825.32,
559.19,
79.1,
867.53,
347.92,
721.08,
821.62,
354.82,
652.44,
448.59,
227.02,
368.3,
796.7,
240.13,
359.29,
954.75,
173.91,
993.09,
97.53,
467.46,
211.89,
33.45,
827.56,
642.74,
49.94,
66.6,
864.94,
344.85,
771.56,
236.83,
466.99,
773.43,
771.74,
232.58,
945.46,
757.14,
583.83,
688.48,
61.56,
899.34,
208.53,
538.69,
376.31,
265,
991.72,
694.19,
799.76,
977.42,
527.27,
661.97,
751.11,
103.58,
367.38,
393.82,
179.7,
868.99,
802.38,
571.62,
730.47,
111.6,
581.78,
419.87,
940.22,
321.97,
52.28,
538.4,
981.48,
424.57,
411.72,
120.21,
342.79,
826.14,
239.7,
268.33,
368.48,
834.01,
801.43,
853.8,
224.18,
311.22,
929.06,
535.06,
344.44,
207.64,
925.33,
171.43,
82.39,
123.1,
19.86,
405.57,
263.3,
282.8,
257.1,
478.14,
983.39,
235.22,
445.91,
822.31,
638.84,
257.58,
398.24,
59.03,
254.63,
652.26,
976.59,
387.68,
87.7,
44.8,
915.75,
894.09,
225.74,
896.21,
360.51,
25.48,
799.13,
715.75,
263.99,
60.19,
838.28,
259.55,
903.84,
395.83,
304.78,
259.8,
412.15,
824.22,
714.91,
954.89,
211.01,
661.61,
110.32,
353.58,
430.94,
405.09,
338.49,
733.37,
545.98,
91.98,
399.47,
161.12,
60.53,
688.68,
139.53,
807.49,
874.69,
273.84,
721.37,
292.27,
241.76,
321.43,
669.82,
112.92,
902.71,
180.86,
659.97,
369.77,
544.37,
488.85,
810.18,
376.29,
303.26,
413.33,
745.49,
696.91,
412.68,
723.82,
873.73,
210.67,
930.82,
558.48,
622.08,
383.85,
418.69,
961.79,
793.45,
576.51,
303.07,
856.42,
639.37,
467.63,
935.25,
433.7,
198.85,
413.21,
640.49,
67.71,
538.29,
137.85,
344.15,
934.38,
62.05,
12.68,
388.49,
268.1,
561.24,
25.63,
775.36,
256.29,
790.27,
336.85,
9.2,
148.16,
986.33,
531.78,
218.57,
169.87,
158.84,
874.67,
386.11,
579.54,
657.3,
380.48,
236.05,
307.88,
58.53,
881.76,
310.37,
128.4,
793.29,
965.49,
312.3,
736.89,
99.44,
55.58,
71.57,
641.41,
673.32,
179.78,
30.76,
627.39,
853.52,
974.2,
822.02,
604.56,
240.14,
745.54,
214.66,
365.36,
416.51,
207.41,
429.03,
576.94,
225.69,
906.19,
891.76,
527.51,
367.21,
86.81,
478.93,
659.72,
966.77,
916.93,
531.85,
723.56,
821.81,
518.28,
692.88,
786.62,
803.2,
391.21,
738.39,
460.85,
762.64,
228.81,
645.09,
678.98,
284.13,
340.12,
207.98,
223.25,
574.52,
346.21,
542.11,
954.33,
332.64,
995.37,
216.91,
484.66,
348.29,
174.5,
995.81,
535.2,
124.63,
422.69,
72.83,
124.77,
172.18,
482.93,
21.65,
498.77,
119.14,
701.35,
294.11,
766.07,
410.94,
834.35,
775.15,
340.39,
665.05,
563.5,
334.36,
16.38,
982.86,
428.52,
393.53,
68.75,
41.13,
577.53,
680.73,
900.71,
885,
853.02,
31.33,
561.35,
231.61,
310.01,
595.51,
770.49,
752.51,
626.93,
37.86,
334.9,
466.76,
931.72,
95.85,
897.05,
433.03,
551.51,
848.82,
130.08,
43.81,
433.11,
990.63,
775.25,
374.57,
427.99,
294.65,
192.99,
437.64,
831.13,
220.99,
699.88,
316.9,
313.72,
658.8,
252.53,
823.82,
60.6,
230.41,
864.05,
438.75,
966.2,
850.3,
897.58,
974.08,
717.72,
342.69,
804.32,
407.65,
922.99,
610.4,
480.33,
667.8,
115.15,
789.63,
717.03,
430.82,
381.43,
985.16,
155.86,
444.11,
438.52,
581.53,
507.46,
773.84,
126.28,
267.85,
924.12,
392.6,
844.36,
218.07,
743.88,
326.09,
621.64,
22.82,
939.19,
310.22,
252.64,
949.24,
412.41,
855.05,
215.37,
272.49,
164.56,
5.97,
805.71,
784.44,
746.88,
213.39,
274.57,
13.01,
824.45,
108.15,
273.2,
775.08,
717.42,
835.81,
40.35,
980.04,
717.8,
301.66,
357.29,
196.28,
164.44,
161.14,
451.97,
58.83,
247.61,
10.5,
515.7,
450.9,
252.73,
41.62,
613.7,
306.95,
151.36,
439.78,
50.35,
406.95,
385.56,
331.3,
334.2,
368.16,
54.54,
47.03,
172.79,
597.06,
222.36,
225.67,
521.94,
78.46,
830.04,
646.71,
331.42,
460.42,
601.64,
499.89,
19,
925.19,
985.8,
320.18,
842.41,
273.74,
522.68,
894.56,
985.22,
162.6,
672.47,
234.21,
16.78,
856.43,
435.39,
259.85,
601.91,
35.96,
976.52,
774.46,
639.8,
99.88,
394.57,
499.35,
615.27,
207.04,
564.27,
312.48,
636.88,
883.95,
674.52,
291.83,
377.29,
10.71,
555.13,
703.62,
898.25,
681.94,
147.62,
651.6,
820.35,
29.51,
433.41,
468.25,
468.66,
874.09,
454.77,
411.93,
267.4,
841.69,
333.42,
471.12,
667.71,
410.54,
568.75,
429.17,
785.37,
137.03,
460.87,
918.31,
860.59,
966.81,
554.91,
717.05,
462.23,
245.26,
492.69,
668.89,
146.96,
67.11,
67.45,
977.1,
810.18,
460.75,
537.06,
991.11,
541.5,
267.96,
614.41,
909.34,
121.29,
93.08,
790.85,
228.16,
991.69,
416.02,
683.61,
590.79,
696.4,
36.4,
159.37,
470.95,
115.63,
241.3,
925.68,
539.66,
902.87,
397.06,
259.37,
834.12,
17.56,
655.39,
754.82,
43.75,
242.29,
71.69,
65.22,
127.57,
502.84,
895.57,
93.89,
599.21,
134.73,
5.29,
479.59,
46.64,
688.92,
194.86,
950.22,
760.19,
648.59,
733.57,
622.28,
565.34,
279.52,
335.43,
907.24,
152.49,
518.78,
706.63,
504.11,
790.82,
195.61,
181.98,
759.84,
795.68,
24.57,
361.52,
128.19,
566.42,
891.54,
634.51,
6.73,
93.37,
281.16,
643.14,
508.69,
955.62,
820.91,
380.31,
750.97,
74.87,
783.45,
548.89,
242.64,
726.36,
970.28,
727.72,
24.86,
768.14,
231.61,
704.49,
818.8,
286.31,
805.99,
556.15,
27.41,
244.33,
358.31,
200.46,
480.69,
148.47,
882.48,
945.03,
339.01,
64.45,
421.86,
178.4,
278.42,
640.89,
535.52,
455.91,
628.46,
185.15,
458.47,
909.78,
916.6,
715.06,
776.4,
450.46,
181.42,
750.02,
451.38,
859.29,
33.04,
384.52,
831.44,
431.47,
104.82,
300.49,
111.54,
800.83,
160.53,
912.42,
695.5,
927.67,
75.05,
887.43,
711.01,
491.16,
203.64,
270.26,
52.03,
273.33,
220.88,
546.05,
432.48,
959.69,
953.91,
130.33,
337.01,
802.7,
672.59,
163.04,
260.7,
908.49,
512.66,
264.66,
513.86,
328.2,
481.89,
437.96,
302.67,
497.7,
270.17,
473.56,
851.26,
896.76,
221.28,
90.01,
140.85,
788.86,
433.14,
726.84,
110.69,
324.27,
880.61,
31.71,
666.44,
892.01,
738,
763.32,
315.45,
362.87,
422.58,
941.78,
332.85,
257.72,
159.76,
578.32,
813.65,
974.03,
184.69,
270.75,
457.04,
96.53,
641.29,
696.44,
309.57,
351.84,
992.92,
354.7,
871.05,
624.2,
715.99,
463.03,
892.17,
965.01,
267.46,
865.09,
954.58,
367.86,
913.69,
510.78,
702.44,
667.49,
852.2,
167.71,
649.92,
404.58,
403.53,
407.15,
436.84,
856.72,
353.47,
332.61,
404.37,
200.06,
570.52,
696.5,
261.6,
23.94,
651.45,
89.24,
439.74,
787.07,
21.25,
99.35,
794.65,
449.45,
222.42,
506.15,
292.52,
115.31,
522.13,
120.66,
749.48,
720.19,
559.92,
88.14,
453.32,
862.08,
662.93,
990.02,
308.04,
26.9,
322.72,
190.11,
70.47,
252.89,
606.12,
132,
156.98,
920.97,
613.97,
369.25,
514.8,
790.43,
380.37,
899.09,
926.71,
959.56,
835.06,
818.01,
179.25,
748.83,
248.07,
928.66,
521.41,
382.95,
767.19,
390.53,
963.55,
553.33,
683.85,
528.5,
111.24,
738.34,
441,
447.33,
497.86,
842.73,
998.05,
35.36,
439.64,
481.61,
143.41,
595.56,
803.31,
583.52,
642.28,
740.41,
792.62,
368.97,
833.26,
313.36,
134.96,
365.98,
578.6,
961.94,
62.08,
483.56,
215.11,
699.61,
327.99,
51.34,
934.52,
202.66,
660.9,
126.39,
211.27,
20.34,
930.32,
775.03,
81.11,
791.19,
425.52,
33.68,
374.47,
842.15,
475.58,
325.61,
634.52,
997.68,
70.55,
867.31,
307.14,
828.3,
748.03,
65.68,
658.31,
179.46,
854.12,
461.09,
797.47,
532.91,
210.9,
955.18,
467.64,
789.64,
845.42,
357.61,
144.4,
440.66,
610.25,
487.05,
259.68,
23.98,
691.72,
208.21,
828.5,
148.92,
461.36,
427.58,
575.16,
337.72,
829.13,
508.87,
753.49,
734.72,
439.12,
729.56,
998.19,
548.76,
802.71,
838.03,
331.81,
319.16,
752.31,
641.39,
760.31,
512.85,
290.53,
81.73,
327.58,
584.25,
849.74,
803.42,
134.72,
711.36,
745.17,
773.18,
340.65,
705.4,
612.04,
709.01,
984.4,
146.09,
726.85,
456.28,
206.18,
708.7,
166,
982.31,
533,
503.62,
97.83,
105.68,
516.66,
763.14,
69.46,
497.27,
562.22,
640.88,
925.44,
647.84,
253.53,
159.63,
540.5,
830.62,
1.4,
81.56,
625.13,
160.73,
224.43,
695.81,
493.61,
155.3,
612.87,
502.31,
991.51,
13.07,
818.52,
328.14,
672.48,
811.11,
842.09,
672.15,
474.86,
17.07,
37.89,
86.79,
875.54,
99.98,
40.8,
838.82,
744.78,
760.21,
966.95,
766.76,
202.31,
780.71,
273.83,
326.85,
287.35,
181.68,
550.2,
804.99,
318.65,
812.18,
558.63,
513.85,
468.26,
709.4,
619.73,
574.69,
242.33,
470.55,
631.03,
974.11,
161.01,
96.92,
125.5,
327.53,
28.6,
271.55,
540.54,
645.66,
855.72,
871.36,
608.58,
192.46,
766.22,
970.33,
259.78,
786.39,
164.68,
106.29,
308.82,
996.24,
752.77,
308.41,
943.59,
287.4,
585.37,
606.42,
39.9,
100.05,
303.49,
581.44,
452.8,
170.96,
412.97,
86.53,
194.2,
346.23,
720.12,
155.73,
214.71,
201.14,
476.18,
3.44,
807.83,
332.98,
25.28,
729.35,
867.86,
857.94,
941.38,
520.63,
136.25,
594.65,
723.3,
897.4,
762.93,
400.15,
761.09,
158.65,
331.24,
395.46,
732.68,
471.69,
261.44,
560.26,
767.33,
153.84,
792.81,
158.71,
808.03,
953.25,
972.67,
127.13,
793.95,
480.57,
843.08,
456.5,
95.46,
765.37,
77.28,
892.07,
486.67,
540.68,
392.3,
962.74,
784.13,
655.42,
94.06,
43.88,
966.46,
472.96,
160.81,
84.97,
882.54,
755.48,
851.98,
793.23,
553.07,
45.35,
578.12,
38.49,
904.78,
225.99,
601.35,
964.63,
60.26,
241.37,
984.42,
633.15,
835.76,
85.3,
842.42,
854.61,
391.34,
375.98,
261.6,
100.4,
521.27,
311.79,
408.51,
433.28,
410.87,
905.47,
306.46,
314.64,
341.65,
651.07,
589.52,
0.44,
25.35,
963.44,
761.56,
677.43,
317.59,
728.62,
316.09,
69.62,
575.34,
674.46,
435.18,
926.65,
82.19,
419.9,
558.71,
158.5,
439.41,
724.33,
758.08,
245.13,
558.43,
738.64,
203.26,
403,
861.98,
843.6,
857.89,
994.49,
885.47,
834.96,
535.96,
903.61,
134.24,
372.71,
469.87,
456.32,
4.39,
331.63,
370.97,
244.56,
333.62,
236.77,
740.16,
292.43,
349.57,
565.09,
302.84,
992.74,
775.19,
63.43,
367.36,
707.27,
420.54,
953.02,
562.41,
135.93,
273.43,
801.15,
826.1,
697.21,
855.09,
399.07,
276.3,
472.55,
446.4,
396.81,
970.34,
839.52,
235.12,
747.76,
365.8,
56.31,
955.31,
50.55,
231.04,
249.16,
426.22,
670.69,
816.92,
416.4,
819.05,
724.75,
60.01,
886.58,
419.68,
435.53,
391.66,
525.1,
169.19,
63.06,
738.81,
268.47,
707.48,
848.58,
509.26,
858.63,
306.11,
14.2,
194.34,
164.75,
681.44,
987.5,
470.06,
554.77,
446.56,
394.02,
821.2,
270.02,
597.45,
126.75,
711.37,
879.5,
24.41,
589.74,
762.86,
153.51,
929.27,
937.17,
169.35,
353.22,
420.34,
799.99,
660.02,
336.09,
879.7,
370.71,
196.55,
777.15,
266.17,
51.08,
795.06,
402.9,
685.8,
467.56,
666.82,
398.02,
467.78,
49.73,
494.13,
154.03,
75.7,
962.69,
540.95,
269.13,
857.08,
835.78,
374.68,
931.18,
445.13,
659.18,
719.25,
104.33,
375.71,
536.63,
432.27,
798.09,
547.75,
851.17,
534.07,
283.94,
833.73,
588.89,
502.18,
287.23,
441.14,
943.54,
543.41,
4.91,
939.97,
894.47,
859,
495.29,
973.85,
103.69,
63.71,
308.88,
787.7,
174.54,
751.44,
900.91,
253.14,
442.26,
234.38,
871.4,
75.3,
147.21,
968.44,
48.11,
826.93,
456.46,
411.87,
857.21,
643.79,
799.87,
614.92,
485.39,
967.75,
935.45,
838.06,
846.12,
142.77,
104.25,
384.57,
466.02,
81.7,
542.15,
884.01,
285.25,
609.4,
307.54,
223.11,
261.57,
588.09,
484.03,
485.74,
478.94,
895.12,
135.08,
825.1,
891.48,
2.94,
347.2,
541.32,
577.27,
19.8,
885.41,
981.04,
570.45,
421.84,
129.29,
912.3,
908.67,
167.92,
912.5,
616.05,
278.25,
306.22,
3.76,
469.9,
260.01,
273.02,
640.66,
362.58,
906.28,
292.96,
717.24,
713.76,
273.57,
745.33,
630.53,
301.73,
43.67,
723.01,
750.07,
543.98,
220.4,
615.68,
386.02,
584.75,
771.89,
565.37,
470.81,
916.52,
513.65,
408.01,
557.27,
148.16,
509.87,
54.64,
732.51,
761.65,
923.62,
715.57,
808.93,
55.18,
746.21,
4.44,
29.66,
564.69,
978.81,
816.56,
592.32,
305.17,
698.02,
701.68,
98.91,
320.35,
718.08,
64.41,
836.5,
738.41,
615.46,
502.95,
834.77,
466.93,
41.07,
747.89,
278.11,
235.49,
754.05,
197.35,
989.06,
77.1,
491.12,
294.06,
773.75,
748.86,
316.63,
104.56,
29.26,
559.83,
973.11,
4.27,
669.16,
295.09,
523.07,
890.72,
680.17,
490.51,
879.23,
823.5,
288.18,
512.21,
930.11,
260.32,
996.16,
147.54,
779.55,
499.39,
267.65,
342.75,
15.25,
325.79,
246.34,
904.55,
560.24,
507.94,
284.72,
109.84,
978.39,
76.25,
218.43,
248.29,
588.72,
351.67,
337.85,
219.27,
470.97,
938.35,
231.23,
622.91,
271.28,
182,
463.79,
478.51,
723.79,
956.42,
995.69,
446.01,
835.8,
415.48,
341,
491.61,
394.22,
508.66,
810.38,
442.54,
895.91,
810.98,
120.94,
467.6,
639.89,
978.97,
527.55,
645.76,
268.4,
446.72,
378.89,
767.67,
148.53,
654.25,
278.08,
840.17,
612.88,
346.67,
867.74,
574.47,
58.89,
337.06,
424.5,
434.39,
7.3,
30.64,
372.06,
251.38,
554.16,
696.68,
775.94,
502.32,
890.76,
73.49,
989.46,
837.02,
207.76,
225.82,
776.47,
150.84,
552.5,
655.79,
841.32,
915.75,
544.23,
801.02,
980.5,
278.43,
450.76,
257.13,
782.71,
161.99,
137.14,
10.63,
634.84,
261.91,
888.8,
73.05,
645.42,
593.48,
325.02,
369.88,
173.96,
913.21,
488.07,
678.4,
788.71,
146.9,
839.16,
155.94,
705.3,
378.18,
773.97,
262.47,
218.73,
266.8,
747.55,
673.13,
381.93,
453.46,
948.22,
133.38,
182.4,
983.47,
413.39,
923.04,
100.18,
776.31,
523.86,
714.51,
0.62,
82.87,
519.68,
276.71,
518.89,
525.29,
695.49,
907.28,
971.69,
169.52,
574.63,
552.57,
319.75,
868.6,
944.73,
842.01,
230.33,
93.14,
982.1,
678.12,
285.24,
602.48,
35.92,
86.17,
122.87,
256.33,
764.05,
42.95,
280.4,
462.03,
638.1,
505.54,
420.7,
36.05,
325.42,
173.57,
186.74,
45.8,
277,
565.1,
664.48,
102.57,
570.82,
963.72,
743.89,
189.09,
431.89,
75.54,
458.12,
685.33,
754.43,
94.69,
979.81,
443.51,
325.49,
387.36,
97.24,
904.94,
808.67,
835.78,
34.31,
249.13,
70.66,
824.33,
301.88,
880.2,
811.73,
570.62,
53.43,
725.25,
162.8,
877.08,
127.28,
210.24,
552.11,
323.55,
219.32,
939.72,
437.86,
630.68,
826.25,
633.7,
986.79,
643.39,
509.12,
620.03,
412.65,
868.55,
83.94,
62.24,
192.16,
157.73,
611.48,
154.3,
763.78,
917.56,
588.24,
620.92,
534.61,
806.6,
407.16,
993.76,
882.55,
724.36,
135.87,
42.52,
726.04,
354.66,
607.84,
430.6,
193.82,
261.5,
173.08,
11.72,
73.28,
698.4,
974.92,
976.5,
580.81,
654.87,
612.28,
780.49,
914.09,
153.39,
287.18,
613.89,
471.69,
76.29,
589.44,
594.15,
425,
251.8,
618.54,
207.29,
185.94,
629.18,
510.94,
694.36,
243.13,
198.47,
774.56,
951.38,
897.17,
814.79,
209.63,
915.37,
199.74,
678.75,
136.91,
156.44,
885,
434.95,
136.8,
257.62,
8.49,
322.25,
952.9,
186.72,
989.56,
963.58,
265.51,
225.06,
388.98,
579.01,
245.28,
797.58,
667.04,
280.84,
380.94,
409.39,
978.7,
793.14,
581.66,
118.66,
208.23,
780.38,
747.99,
459.63,
259.89,
914.34,
856.36,
430.1,
290.48,
752.11,
575.27,
463.06,
665.23,
58.27,
261.54,
293.4,
441.69,
726.96,
953.01,
883.78,
92.43,
993.54,
473.24,
138.27,
17.88,
268.34,
965.07,
6.21,
412.22,
347.19,
203.71,
938.17,
138.43,
637.84,
15.91,
237.36,
996.21,
479.15,
708.06,
563.17,
232.26,
873.76,
455.46,
178.13,
268.52,
318.66,
305.58,
398.28,
108.51,
324.2,
177.64,
501.16,
525.14,
731,
257.02,
783.34,
707.03,
638.73,
14.14,
69.14,
991.8,
933.25,
310.37,
554.11,
498.84,
543.03,
189.65,
156.23,
268.58,
579.79,
686.62,
743.83,
309.55,
251.88,
921.25,
896.13,
489.57,
889.87,
255.3,
975.87,
644.96,
503.22,
638.06,
312.61,
2.53,
850.15,
86.19,
717.04,
835.05,
33.88,
524.73,
197.91,
897.09,
749.73,
989.11,
518.67,
191.07,
125.03,
145.07,
358.86,
745.27,
576.27,
706.71,
566.7,
579.33,
281.55,
877.86,
625.12,
778.68,
242.32,
983.34,
491.03,
842.21,
211.83,
479.05,
959.71,
296.01,
463.92,
846.04,
780.56,
76.02,
607.14,
130.58,
497.48,
39.5,
789.78,
324.05,
351.97,
778.53,
451.68,
956.44,
616.49,
546.85,
423.68,
23.01,
968.16,
211.54,
479.79,
747.6,
113.03,
141,
194.36,
828.08,
831.04,
872.33,
884.07,
731.98,
76.02,
364.15,
551.02,
598.72,
198.64,
176.99,
464.09,
931.98,
729.89,
165.42,
234.47,
812.94,
553.27,
66.72,
879.76,
260.38,
374.51,
340.44,
403.69,
784.67,
877.08,
575.25,
751.81,
196.91,
237.97,
438.75,
211.62,
985.23,
246.77,
887.74,
999.9,
217.37,
870.44,
908.43,
520.03,
175.66,
847.49,
625.93,
268.18,
707.01,
3.96,
534.69,
624.78,
524.02,
942.02,
746.51,
99.29,
783.86,
213.59,
875.49,
957.3,
388.56,
941.69,
400.29,
320.03,
64.77,
877.09,
349.62,
174.32,
322.9,
294.76,
375.11,
665.2,
942.7,
336.92,
801.36,
161.06,
314.7,
326.73,
264.7,
694.39,
929.76,
302.95,
457.08,
520.41,
785.9,
761.82,
540.24,
759.62,
348.53,
847.79,
329.26,
139.81,
429.48,
894.28,
810.03,
212.28,
350.49,
990.74,
753.12,
873.55,
877.15,
262.77,
532.13,
970.96,
498.02,
636.89,
804.72,
884.08,
663.25,
486.37,
697.92,
562.34,
887.61,
273.46,
622.94,
360.92,
683.85,
499.19,
26.53,
861.71,
426.28,
653.21,
254.37,
827.7,
545.17,
698.23,
587.77,
423.77,
772.91,
514.82,
503.25,
640.55,
51.8,
469.56,
553.2,
296.99,
263.87,
35.09,
104.22,
303.9,
379.83,
652.46,
476.96,
328.93,
642.42,
737.58,
552.72,
268.81,
336.18,
531.48,
301.89,
453.72,
402.28,
635.44,
350.96,
704.84,
718.31,
855.07,
248.63,
358.43,
730.84,
183.85,
271.58,
192.07,
841.85,
13.5,
789.23,
488.59,
600.15,
905.51,
342.5,
177.61,
996.69,
603.38,
809.01,
551.67,
61.55,
426.89,
25.79,
958.26,
293.96,
65.52,
951.5,
533.74,
102.81,
381.74,
120.82,
597.02,
71.75,
903.52,
168.92,
426.84,
902.03,
611.85,
188.32,
894.14,
718.13,
945.84,
575.98,
754.28,
505.4,
311.29,
594.45,
392.32,
385.61,
682.52,
335.53,
915.2,
769.56,
945.69,
462.01,
324.63,
910.53,
843.59,
642.74,
966.64,
239.43,
861.33,
160.14,
910,
761.97,
304.68,
614.27,
330,
238.16,
292.5,
521.29,
309.44,
77.55,
309.94,
510.33,
438.91,
897.28,
548.49,
348.25,
766.94,
996.38,
495.05,
403.64,
192.58,
416.67,
232.48,
616.99,
676.61,
42.43,
105.24,
707.44,
221.51,
243.28,
762.98,
15.42,
189.09,
275.73,
403.23,
581.6,
763.34,
730.44,
639.37,
937.23,
614.67,
983.04,
844.13,
386.47,
820.8,
144.68,
805.67,
718.52,
559.17,
148.49,
610.13,
218.19,
940.76,
438.93,
704.68,
147.34,
992.32,
839.05,
925.43,
778.76,
655.78,
799.58,
73.52,
685.63,
362.84,
587.29,
926.58,
650.7,
584.77,
382.35,
878.86,
572.39,
203,
346.52,
989.24,
747.48,
215.39,
139.04,
283.39,
813.89,
914.72,
897.6,
714.02,
654.37,
85.06,
623.13,
391.94,
179.82,
689.87,
573.26,
995.5,
264.82,
149.94,
950.3,
368.53,
817.92,
228.92,
766.88,
899.81,
146.77,
810.59,
543.59,
689.94,
219.67,
569.07,
558.25,
751.56,
151.14,
958.25,
176.02,
919.89,
241.25,
324.86,
601.16,
205.09,
297.68,
342.17,
636.26,
726.3,
739.24,
712.72,
93.94,
166.18,
222.96,
961.61,
863.29,
503.04,
853.89,
896.02,
572.28,
216.92,
336.36,
847.34,
734.84,
668.99,
236.22,
718.66,
362.21,
818.07,
137.19,
212.14,
271.61,
913.62,
561.24,
988.89,
701.73,
187.26,
818.42,
58.81,
254.41,
327.76,
405.1,
499.2,
183.41,
319.54,
883.22,
137.46,
926.53,
727.37,
687.89,
157.86,
826.89,
666.57,
356.42,
977.76,
838.75,
907.56,
534.93,
776.08,
345.55,
939.51,
935.22,
783.46,
174.66,
599.39,
850.24,
42.54,
110,
274.65,
752.54,
316.32,
440.14,
559.97,
122.55,
818.86,
481.43,
928.99,
23.99,
380.55,
898.25,
708.42,
784.68,
370.28,
724.23,
986.95,
196.04,
577.29,
60.18,
17.28,
79.59,
805.36,
780.91,
153.56,
872.84,
48.76,
493.1,
169.08,
480.38,
197.41,
496.25,
519.97,
287.05,
691.15,
666.43,
122.03,
201.72,
131.08,
420.84,
628.12,
326.92,
817.33,
628.23,
750.5,
711.12,
915.34,
146.67,
882.32,
427.08,
821.2,
151.74,
296.31,
816.07,
110.37,
706.2,
767.65,
535.99,
520.74,
125.81,
468.44,
114.21,
734.54,
859.9,
252.91,
962.4,
633.64,
82.39,
915.03,
136.39,
100.68,
563.08,
99.13,
619.62,
340.21,
283.77,
316.87,
790.23,
63.75,
546.19,
274.87,
468.21,
110.37,
381.76,
774.16,
986.29,
171.67,
9.89,
760.87,
399.27,
616.61,
358,
625.4,
2.07,
757.01,
813.63,
46.34,
970.24,
522.7,
555.67,
739.39,
749.55,
870.69,
259.32,
862.01,
196.46,
613.56,
663.06,
381.04,
298.43,
88.74,
428.08,
40.61,
722.85,
294.48,
499.82,
940.76,
296.34,
110.42,
339.17,
722.28,
628.21,
971.39,
266.48,
287.8,
364.86,
827.32,
303.49,
429.5,
456.2,
869.97,
453.49,
381.4,
997.92,
164.14,
584.62,
806.77,
65.89,
908.14,
32.03,
713.75,
94.5,
255.87,
61.1,
753.6,
84.47,
616.35,
680.32,
236.73,
942.59,
336.07,
288.9,
917.49,
742.97,
789.98,
347.87,
855.5,
398.61,
97.2,
866.38,
665.26,
929.37,
72.01,
633.72,
892.26,
155.21,
25.31,
779.53,
361.37,
918.85,
321.12,
130.71,
529.9,
592.75,
155.58,
22.02,
993.63,
501.51,
95.21,
575.23,
627.54,
725.58,
727.25,
274.87,
21.94,
132.97,
901.19,
233.67,
235.77,
135.67,
970.69,
387.4,
6.59,
694.03,
538.97,
739.65,
785.96,
504.24,
21.05,
427.14,
470.28,
412.06,
158.89,
872.94,
833.35,
709.59,
991.4,
488.47,
458.73,
963.69,
552.55,
274.68,
213.89,
986.2,
825.34,
316.71,
484.13,
783.44,
682.62,
475.92,
499.18,
317.56,
961.77,
187.4,
37.73,
723.08,
756.17,
407.17,
708.25,
552.22,
74.61,
235.81,
67.87,
653.15,
630.81,
509.67,
150.34,
83.69,
605.67,
522.76,
151.95,
686.17,
190.97,
199.06,
680.42,
989.32,
408.28,
197.89,
338.21,
8.07,
467.5,
682.31,
95.48,
215.68,
742.13,
25.13,
435.83,
878.22,
997.07,
841.17,
915.06,
88.77,
485.36,
217.73,
37.98,
701.89,
595.53,
310.57,
786.09,
730.89,
167.53,
803.28,
584.05,
360.95,
944.21,
301.21,
219.25,
312.35,
204.42,
276.18,
772.21,
385.83,
306.78,
1.1,
455.64,
180.38,
684.15,
601.01,
160.88,
278.28,
629.83,
114.5,
711.39,
696.55,
884.84,
561.07,
820.23,
224.5,
374.53,
869.8,
174.31,
697.95,
148.82,
436.81,
514.95,
163.79,
174.36,
491.81,
131.6,
56.22,
726.75,
909.46,
108,
617.52,
410.62,
177.3,
126.35,
278.43,
738.31,
729.14,
837.92,
299.97,
120.03,
133.94,
337.16,
255.97,
605.9,
996.2,
317.94,
979.24,
325.49,
577.17,
475.77,
668.68,
799.47,
711.35,
781.02,
70.76,
766.24,
258.49,
874.43,
463.82,
225.21,
26.44,
55.9,
978.74,
724.67,
824.69,
930.45,
138.3,
339.26,
770.58,
21.34,
385.37,
626.96,
122.9,
896.24,
474,
395.16,
913.06,
67.66,
384.96,
137.42,
802.03,
833.24,
35.17,
569.15,
585.54,
186.81,
498.31,
513.18,
493.16,
947.98,
187.57,
840.28,
412.97,
226.35,
691.83,
933.24,
904,
355.2,
729.98,
141.61,
719.13,
467.66,
351.68,
485.87,
145.15,
742.86,
929.1,
277.18,
691.17,
77.87,
824,
297.68,
279.79,
641.5,
376.2,
611.41,
633.08,
698.57,
34.37,
28.96,
527.86,
332.46,
294.93,
723.93,
304.75,
137.41,
330.94,
923.61,
983.44,
630.13,
439,
720.98,
474.68,
867.98,
581.04,
874.61,
613.6,
609.33,
517.63,
109.66,
105.19,
174.01,
334.36,
866.36,
884.3,
19.91,
939.81,
826.08,
26.74,
895.49,
512.61,
233.37,
78.95,
362.23,
92.76,
315.18,
519.9,
318.93,
271.88,
505.52,
940.74,
426.64,
89.99,
693.69,
426.11,
225.3,
519.03,
728.23,
874.3,
673.26,
258.81,
945,
594.23,
213,
758.2,
59.4,
856.79,
752.36,
577.06,
662.69,
270.62,
712.78,
118.93,
720.98,
698.75,
537.73,
648.41,
699.29,
997.6,
278.03,
440.53,
202.48,
928.17,
259.82,
559.13,
695.09,
122.84,
767.53,
306.73,
345.77,
323.02,
118.31,
486.37,
845.74,
180.59,
9.62,
74.75,
494.93,
877.93,
282.72,
32.13,
380.18,
925.04,
15.06,
537.04,
46.87,
264.08,
642.89,
140.83,
93.24,
811.31,
236.35,
792.9,
743.51,
998.85,
583.72,
247.02,
812.21,
41.81,
553.73,
781.54,
648.81,
337.94,
304.48,
776.29,
156.7,
131.55,
217.47,
760.03,
674.94,
327.45,
424.86,
255.52,
210.08,
822.2,
895.61,
116.22,
272.14,
740.94,
755.05,
689.33,
207.73,
980.33,
298.08,
468.79,
950.32,
555.67,
566.31,
845.63,
725.88,
673.05,
39.31,
337.52,
98.55,
672.26,
628.28,
522.26,
932.52,
525.33,
781.04,
824.84,
925.62,
806.44,
676.93,
374.49,
929.9,
871.74,
767.29,
974.34,
550.97,
563.36,
271,
772.57,
419.61,
924.68,
472.47,
190.55,
768.54,
762.81,
255.87,
10.63,
512.39,
200.86,
333.13,
324.96,
570.17,
477.21,
702.67,
389.58,
356.27,
924.22,
853.8,
477.8,
213.17,
467,
688.55,
316.8,
410.07,
770.33,
143.82,
633.59,
410.68,
312.28,
899.45,
684.03,
157.92,
778.64,
694.74,
940.03,
222.43,
669.39,
535.53,
286.22,
758.49,
552.28,
994.48,
103.11,
23.06,
110.46,
319.06,
130.57,
637.91,
250.83,
924.78,
900.68,
110.35,
851.68,
400.12,
18.73,
234.63,
816.03,
457.1,
174.78,
509.07,
969.47,
683.35,
25.38,
599,
24.22,
781.38,
904.13,
924.28,
26.02,
13.73,
259.74,
332.03,
350.41,
213.21,
540.84,
402.93,
849.62,
527.73,
575.77,
467.49,
45.45,
507.77,
527.28,
182.09,
770.71,
852.43,
875.92,
241.05,
466.76,
909.51,
229.36,
673.35,
933.96,
297.27,
925.94,
380.38,
448.48,
162,
789.82,
84.48,
549.37,
374.53,
170.59,
805.39,
696.59,
928.72,
819.5,
756.87,
654.48,
396.03,
435.86,
177.66,
899.6,
926.42,
387.67,
765.91,
796.49,
72.81,
751.93,
415.28,
117.26,
542.25,
577.05,
293.99,
866.95,
223.85,
644.17,
334.28,
477.51,
600.52,
768.97,
730.87,
652.23,
526.35,
214.26,
161.81,
374.94,
653.99,
52.8,
809.2,
635.59,
502.68,
984.13,
495.45,
277.22,
587.84,
664.3,
149.98,
851.13,
660.14,
101.09,
925.84,
689.79,
54.63,
188.25,
371.62,
975.34,
254.86,
565.74,
949.32,
185.35,
317.48,
798.18,
111.39,
189.55,
876.03,
277.93,
508.51,
39.19,
111.19,
935.63,
955.11,
153.56,
911.83,
633.32,
302.81,
257.72,
131.8,
510.1,
394.52,
970.92,
38.52,
173.28,
208.68,
508.46,
694.89,
469.94,
194.69,
122.29,
229.96,
205.24,
900.65,
658.13,
586.14,
901.09,
178.97,
538.36,
756.61,
492.41,
385.55,
757.78,
485.84,
18.25,
111.42,
680.84,
272.64,
351.3,
492.51,
587.95,
89.24,
666.07,
965.04,
216.06,
43.04,
127.72,
953.86,
658.33,
950.79,
991.44,
855.85,
66.74,
504.19,
836.49,
238.32,
743.5,
866.07,
518.98,
652.28,
474.98,
43.26,
753.7,
562.25,
484.85,
718,
849.54,
749.53,
827.95,
259.05,
847.31,
44.14,
801.07,
51.86,
967.17,
859.93,
903.03,
52.66,
616.54,
802.48,
341.14,
879.44,
284.19,
703.35,
196.43,
48.24,
864.76,
88.32,
223.01,
998.05,
815.55,
997.67,
935.18,
686.61,
548.73,
304.57,
533.96,
570.43,
518.83,
894.68,
567.79,
828.03,
863.36,
502.22,
876.77,
983.26,
406.42,
796.89,
531.95,
871.75,
858.19,
490.12,
48.43,
300.96,
82.42,
333.28,
653.24,
102.46,
37.91,
344.37,
919.02,
101.42,
29.19,
220.44,
948.82,
849.63,
182.46,
756.75,
922.55,
368.14,
850.45,
285.87,
883.56,
966.64,
768.13,
861.43,
378.51,
257.57,
389.58,
447.1,
338.09,
701.53,
833.55,
876.73,
548.01,
921.13,
402.4,
256.79,
844.6,
813.69,
481.48,
948.38,
397.65,
238.18,
987.49,
354.53,
91.5,
47.25,
735.59,
286.49,
677.03,
489.54,
825.7,
543.1,
460.71,
364.71,
158.65,
838.34,
956.61,
276.18,
65.71,
603.09,
950.74,
717.57,
802.96,
448.41,
638.18,
270.15,
84.97,
692.03,
381.47,
931.96,
119.29,
372.43,
180.72,
25.6,
757.51,
3.93,
686.96,
356.19,
216.25,
130.96,
434.39,
164.02,
763.35,
166.68,
40.9,
311.57,
241.78,
218.56,
981.94,
883.99,
986.01,
854.09,
49.83,
994.64,
67.27,
439.4,
420.58,
2.63,
697.22,
435.07,
364.07,
381.02,
702.13,
707.55,
982.43,
76.24,
32.89,
705.19,
118.08,
563.14,
979.48,
319.76,
105.28,
388.05,
98.92,
21.96,
790.17,
548.49,
187.71,
893.12,
789.72,
497.89,
378.07,
503.66,
305.44,
293.39,
890.77,
18.33,
488.11,
163,
238.54,
651.72,
841.71,
565.02,
562.96,
953.1,
31.52,
386.44,
336.18,
330,
625.99,
167.46,
759.67,
192.06,
54.7,
558,
130.52,
195.64,
281.55,
391.83,
815.31,
557.33,
439.52,
758.22,
838.85,
728.75,
137.69,
207.43,
575.41,
247.46,
606.68,
603.74,
751.15,
84.85,
206.98,
124.27,
730.53,
639.28,
367.73,
794.11,
99.03,
933.13,
591.1,
418.91,
619.28,
67.99,
83.21,
132.14,
290.22,
547.72,
413.71,
208.33,
20.35,
574.42,
299.13,
695.21,
162.56,
166.18,
560.09,
902.36,
756.56,
324.38,
426.02,
987.37,
421.76,
499,
4.79,
174.71,
236.01,
916.26,
250.42,
631.3,
619.86,
314.78,
706.79,
791.84,
123.81,
671.72,
981.26,
451.32,
615.69,
496.85,
99.56,
29.23,
242.34,
502.81,
235.16,
142.14,
632.48,
167.24,
155.28,
125.93,
973.32,
695.06,
131.36,
996.88,
908.36,
972.03,
791.7,
180.95,
775.4,
602.58,
609.29,
11.26,
276.44,
494.34,
547.24,
167.09,
47.62,
595,
696.1,
590.86,
990.91,
443.31,
287.68,
584.72,
506.73,
39.3,
703.28,
572.66,
582.57,
88.18,
68.23,
408.76,
720.88,
388.91,
283.94,
971.34,
914.73,
415.29,
844.32,
235.59,
916.96,
656.95,
530.27,
2.95,
964.4,
705.14,
973.89,
828.95,
397.08,
159.45,
36.92,
342.63,
411.08,
739.39,
935.07,
67.58,
339.95,
758.44,
713.92,
597.88,
382.39,
821.37,
29.4,
80.72,
304.7,
807.74,
891.05,
123.01,
767.63,
597.74,
974.61,
134.84,
113.44,
960.76,
734.82,
880.13,
233.97,
608.38,
285.4,
912.92,
510.56,
670.89,
939.1,
839.44,
509.8,
576.54,
319.29,
642.47,
362.7,
259.81,
660.41,
559.51,
342.7,
856.87,
616.52,
42.68,
674.03,
188.34,
266.33,
239.31,
709.01,
636.09,
686.87,
598.94,
423.08,
342.12,
67.57,
50.89,
517.94,
155.12,
905.18,
10.55,
944.03,
388.48,
591.03,
578.59,
795.28,
550.45,
864.02,
172.16,
827.17,
823.16,
69.23,
447.73,
361.3,
470.41,
106.14,
40.07,
34.55,
263.57,
373.5,
229.24,
872.28,
408.44,
443.96,
245.14,
401.75,
83.65,
463.19,
475.37,
21.46,
16.93,
370.88,
753.03,
260.31,
838.29,
652.17,
838.48,
498.73,
293.06,
738.07,
520.58,
887.15,
87.94,
20.45,
81.57,
739.76,
520.01,
657.77,
844.4,
717.2,
364.45,
827.29,
811.57,
187.21,
915.21,
63.12,
536.37,
279.54,
632.46,
250.09,
705.32,
219.89,
71.69,
825.96,
667.38,
87.41,
723.4,
159.38,
470.06,
808.98,
313.98,
847.35,
177.88,
338.95,
310.38,
85.87,
552.38,
375.11,
445.39,
17.37,
311.04,
420.59,
692.1,
188.94,
908.73,
164.52,
614.34,
558.21,
209.06,
222.93,
421.06,
4.97,
927.63,
848.19,
598.35,
925.49,
504.04,
460.47,
325.99,
456.26,
752.43,
854.67,
571.12,
672.44,
913.9,
992.83,
629.68,
63.47,
32.63,
87.81,
64.92,
938.25,
905.1,
467.33,
863.91,
544.81,
375.33,
985.73,
643.11,
634.01,
95.59,
469.07,
714.58,
278.06,
85,
435.04,
59.69,
324.94,
802.44,
447.42,
905.72,
717.34,
848.59,
5.26,
849.56,
910.2,
497.66,
341.91,
597.29,
487.3,
719.28,
802.43,
793.94,
401.24,
943.97,
523.22,
47.33,
255.77,
353.1,
983.99,
477.7,
41.52,
407.4,
804.65,
478.37,
873.46,
731.05,
950.52,
316.95,
438.42,
714.56,
674.91,
703.82,
578.1,
914.96,
335.22,
557.66,
208.96,
52.72,
420.25,
694.64,
630.28,
766.59,
960.62,
84.95,
129.22,
876.25,
64.8,
306.92,
356.56,
854.4,
266.1,
700.26,
328.92,
267.57,
845.83,
491.53,
511.87,
660.65,
775.07,
496.68,
439.97,
913.15,
187.18,
394.82,
185.54,
859.77,
910.17,
494.99,
687.76,
795.43,
468.58,
683.81,
885.67,
850.86,
487.06,
424.65,
478.18,
422.37,
451.27,
476.75,
566.2,
784.71,
824.74,
185.79,
355.8,
802.73,
40.01,
622.9,
234.93,
895.01,
303.53,
941.88,
135.37,
506.8,
355.21,
329.81,
312.18,
527.31,
966.8,
117.74,
948.85,
536.74,
822.73,
615.11,
363.21,
48.82,
170.83,
223.22,
986.66,
668.32,
729.47,
768.56,
96.28,
243.56,
179.65,
978.71,
115.68,
606.08,
747.05,
320.65,
871.22,
126.25,
827.86,
245.92,
586.61,
301.12,
105.17,
487.49,
210.09,
357.95,
445.6,
222.69,
807.04,
667.94,
855.59,
532.78,
382.23,
925.85,
550.45,
644.26,
558.45,
608.84,
189.59,
495.93,
761.53,
769.83,
613.94,
735.51,
95.26,
209,
938.55,
260.35,
918.52,
248.33,
490.21,
295.01,
819.68,
335.71,
718.86,
431.36,
207.18,
931.56,
829.2,
934.47,
132.59,
583.55,
470.92,
68.85,
126.12,
750.49,
823.11,
419.45,
215.2,
225.18,
279.15,
459.27,
961.67,
922.71,
736.59,
486.46,
635.22,
67.28,
663.14,
423.65,
96.77,
892.15,
523.15,
598.67,
723.24,
223.71,
878.96,
74.28,
173.64,
789.98,
996.91,
209.78,
264.13,
13.44,
441.42,
4.15,
137.03,
576.63,
582.25,
536.15,
702.17,
24.12,
640.66,
701.8,
916.64,
220.11,
955.08,
816.39,
287.74,
529.77,
154.1,
148.72,
75.61,
890.56,
878.1,
416.49,
939.54,
685.33,
872.39,
703.06,
953.66,
82.49,
794.17,
175.15,
943.29,
704.87,
347.28,
590,
539.37,
983.08,
987.69,
506.07,
844.26,
143.62,
216.75,
252.37,
834.08,
770.71,
171.12,
305.96,
50.17,
592.4,
345.84,
431.1,
640.93,
828.1,
269.24,
677.97,
750.27,
866.01,
127.19,
727.43,
963.04,
846.83,
108.24,
733.48,
12.68,
863.83,
103.56,
878.43,
262.85,
369.34,
233.62,
278.08,
138.05,
240.86,
943.84,
107.59,
656.79,
645.65,
169.31,
753.36,
572.16,
580.8,
951.28,
336.09,
18.93,
684.45,
703.35,
743.71,
903.19,
628.51,
889.75,
589.18,
400.63,
800.5,
796.99,
434.84,
199.87,
392.72,
25.72,
600.37,
987.4,
223.37,
209.42,
346.11,
54.64,
847.85,
568.51,
850.25,
482.01,
506.79,
785.78,
714.98,
493.85,
199.21,
46.17,
316.62,
293.54,
987.03,
567.5,
616.6,
119.93,
712.44,
870.79,
100.68,
640.67,
38.71,
257.03,
756.1,
919.52,
330.15,
404.37,
438.95,
675.01,
64.99,
604.63,
609.07,
478.98,
792.47,
945.41,
776.41,
558.13,
991.7,
693.92,
891.74,
749.05,
586.52,
287.34,
157.65,
593.9,
848.09,
631.47,
723.82,
925.77,
975.73,
250.37,
179.35,
596.75,
436.92,
992.24,
243.85,
121.68,
512.38,
125.83,
31.72,
991.49,
30.35,
915.87,
771.33,
69.85,
582.7,
675.85,
585.3,
580.35,
74.75,
469.31,
856.83,
681.54,
522.37,
666.33,
433.26,
325.07,
61.22,
302.43,
28.91,
982.51,
287.17,
393.27,
501.13,
550.08,
875.92,
309.34,
295.09,
451.71,
351.22,
925.5,
470.39,
949.97,
942.34,
690.48,
934.78,
503.28,
724.9,
390.83,
575.15,
665.94,
220.78,
121.42,
135.13,
41.07,
8.55,
656.91,
515.7,
581.5,
665.66,
522.01,
106.16,
487.79,
127.03,
734,
298.28,
115.05,
95.89,
698.18,
537.38,
28.48,
615.82,
326.48,
281.09,
712.92,
144.81,
60.68,
482.24,
703.74,
17.69,
64.87,
967.1,
300.31,
226.58,
989.63,
158.69,
884.81,
522.12,
109.84,
341.64,
836.88,
951.15,
967.53,
527.62,
488.87,
292.36,
432.68,
410.22,
825.93,
187.72,
885.65,
319.16,
128.03,
581.85,
961.1,
710.15,
497.28,
197.45,
131.67,
389.42,
582.71,
510.89,
691.59,
688.24,
244.06,
34.9,
463.2,
447.73,
101.34,
827.28,
868.75,
823.52,
666.8,
188.72,
835.45,
790.73,
300.83,
298.65,
197.13,
809.97,
546.01,
940.06,
456.5,
340.32,
140.82,
457.03,
917.73,
847.33,
869.79,
718.35,
605.02,
373.21,
580.04,
459.4,
801.84,
325.45,
401.75,
505.28,
166.48,
994.82,
491.75,
159.03,
774.55,
779.24,
633.67,
747.16,
188.22,
243.94,
524.24,
651.14,
909.61,
151.05,
746.14,
580.8,
243.95,
626.03,
137.09,
941.34,
505.88,
904.73,
797.96,
264.97,
583.83,
408.81,
17.53,
261.32,
988.83,
750.72,
777.38,
357.78,
18,
52.36,
244.68,
77.23,
797.66,
113.56,
897.75,
494.95,
46.73,
541.15,
543.64,
398.4,
221.71,
360.58,
768.32,
857.75,
138.09,
374.32,
509.94,
711.93,
31.47,
994.71,
807.77,
425.01,
129.92,
995.65,
744.82,
784.46,
483.06,
208.53,
897.31,
413.05,
405.43,
932.5,
356.27,
432.13,
40.06,
61.43,
964.75,
545.86,
834.24,
27.55,
287.44,
440.49,
664.37,
439.99,
505.99,
710.32,
305.25,
905.62,
393.48,
106.73,
228.38,
708.15,
406.52,
877.38,
881,
957.54,
860.65,
895.94,
992.82,
767.84,
258.89,
354.35,
674.53,
772.45,
636.41,
175.03,
316.14,
564.41,
625.88,
585.44,
752.53,
513.32,
706.72,
885.18,
568.39,
689.15,
720.79,
925.1,
484.78,
25.17,
225.19,
4.98,
700.64,
235.55,
686.04,
530.82,
924.12,
315.71,
88.6,
791.42,
172.62,
170.93,
334.44,
424.8,
45.62,
117.3,
824.47,
34.11,
545.3,
111.77,
243.27,
73.9,
255.62,
543.1,
938.88,
467.22,
975.79,
875.13,
849.95,
587.8,
248.26,
779.45,
405.94,
230.7,
277.33,
560.17,
918.96,
961.16,
627.68,
677.51,
627.3,
531.14,
206.3,
960.79,
68.71,
455.23,
684.75,
845.74,
541.38,
534.95,
946.46,
485.43,
946.24,
905.15,
9.73,
456.4,
129.04,
615.02,
5.66,
410.29,
163.85,
20.03,
193.35,
719.44,
315.02,
280.49,
844.91,
505.54,
365.4,
116.21,
102.75,
991.27,
662.61,
893.4,
778.29,
742.04,
137.69,
749.29,
473.39,
644.3,
812.66,
685.8,
250.59,
31.36,
411.64,
650.98,
116.68,
154.35,
796.07,
47.9,
649.83,
176.34,
778.25,
952.95,
913.85,
501.78,
65.49,
383.5,
245.64,
528.34,
126.64,
4.55,
330.01,
439.78,
611.68,
541.55,
910.32,
891.67,
306.2,
573.03,
206.85,
612.48,
262.4,
175.19,
449.65,
812.64,
706.88,
787.33,
243.72,
282.92,
273.58,
381.61,
577.83,
932.31,
469.55,
500.85,
561.55,
947.7,
38.42,
932.25,
427.62,
194.96,
653.17,
204.3,
697.94,
548.22,
16.56,
162.83,
704.54,
377.72,
303.31,
304.64,
277.9,
614.86,
822.65,
839.99,
789.34,
479.2,
862.05,
648.76,
37.55,
181.86,
375.33,
503.03,
310.74,
336.45,
732.95,
919.1,
688.28,
385.3,
599.53,
888,
936.06,
683.08,
511.34,
804.23,
163.59,
133.55,
904.82,
708.07,
543.76,
671.24,
500.26,
939.76,
962.89,
521.79,
132.7,
36.37,
601.45,
824.78,
116.82,
596.65,
559.7,
408.15,
75.07,
643.1,
812.63,
63.71,
570.57,
814.31,
122.92,
864.88,
492.34,
59.69,
880.11,
124.86,
599.48,
715.38,
833.43,
181.85,
191.97,
86.55,
77.36,
821.42,
115.63,
524.09,
674.31,
39.57,
199.21,
308.12,
714.35,
555.2,
830.89,
881.8,
420.38,
583.02,
808.23,
505.99,
582.39,
262.18,
513.55,
744.57,
387.65,
774.08,
359.05,
200.03,
866.05,
297.03,
804.34,
457.88,
614.05,
760.49,
443.83,
79.23,
863.24,
779.12,
225.15,
772.7,
937.36,
709.06,
288.76,
951.7,
658.2,
922.61,
559.17,
322.04,
706,
511.47,
757.25,
694.65,
721.18,
195.9,
20.28,
26.82,
840.78,
655.48,
591.3,
249.6,
516.91,
837.03,
401.55,
794.92,
578.04,
21.61,
203.59,
3.55,
236.85,
449,
893.53,
478.52,
546.5,
684.2,
13,
367.48,
279.53,
266.16,
755.19,
550.48,
237.15,
921.26,
654.26,
893.84,
82.28,
990.81,
887.5,
627.35,
249.94,
489.46,
134.96,
546.45,
883.12,
252.27,
917.92,
345.54,
642.66,
172.19,
279.56,
327.52,
153.38,
464.03,
501.13,
92.13,
634.47,
788.79,
985.28,
37.83,
201.61,
696.44,
259.93,
254.47,
307.48,
639.64,
348.99,
520.73,
261.29,
264.96,
477.25,
817.02,
84.62,
97.61,
857.26,
364.89,
361.02,
476.24,
124.16,
563.26,
762.53,
998.93,
986.14,
981.88,
636.12,
402.99,
903.73,
191.51,
556.33,
943.09,
949.26,
565.16,
849.69,
710.05,
948.82,
790.16,
461.66,
133.43,
972.98,
269.26,
407.25,
886.86,
144.33,
870.98,
894.53,
624.56,
939.7,
621.34,
431.31,
163.62,
841.48,
952.2,
522.41,
64.46,
387.75,
303.46,
372.66,
767.67,
815.76,
747.43,
314.94,
125.98,
101.65,
914.68,
981.54,
220.4,
626.97,
494.45,
631.23,
343.08,
339.66,
420.9,
912.65,
758.83,
257.53,
725.83,
991.75,
640.6,
605.62,
18.67,
428.22,
377.16,
623.44,
136.06,
813.64,
427.76,
902.11,
630.39,
156.77,
53.57,
387.66,
574.47,
906.13,
582.86,
889.7,
834.94,
984.35,
749.56,
290.09,
301.74,
230.52,
493.59,
145.81,
123.67,
220.44,
555.13,
2.29,
87.26,
831.66,
612.75,
316.64,
637.1,
474.8,
620.81,
347.38,
775.24,
179.83,
161.54,
991.76,
120.99,
891.61,
161.73,
495.21,
291.87,
374.06,
605.63,
390.06,
231.76,
359.62,
100.88,
825.14,
31.73,
325.82,
139.88,
871.88,
616.87,
745.99,
550.74,
521.28,
56.38,
655.1,
318.72,
221.72,
396.1,
114.3,
501.7,
942.91,
760.75,
57.78,
786.89,
521.41,
56.65,
66.49,
678.26,
842.78,
962.15,
661.65,
203.27,
915.56,
619.34,
284.3,
796.87,
784.74,
966.2,
906.4,
612.37,
343.06,
685.49,
885.52,
146.69,
825.89,
177.05,
864.52,
413.99,
852.76,
907.81,
821.94,
57.26,
899.2,
878.69,
751.25,
227.11,
600.18,
241.8,
259.03,
760.5,
153.37,
386.82,
675.09,
576.29,
539.99,
321.36,
675.91,
509.56,
307.16,
911.58,
403.31,
162.94,
828.95,
526.44,
261.28,
986.05,
357.27,
347.18,
789.92,
98.4,
861.24,
748.75,
915.25,
616.38,
330.54,
192.98,
704,
260.45,
631.41,
431.82,
12.19,
870.1,
717.88,
32.24,
253.81,
734.92,
375.22,
988.11,
341.21,
823.06,
429.07,
398.41,
593.31,
544.06,
772.75,
284.04,
135.38,
230.35,
561.05,
292.84,
439.81,
958.64,
624.03,
401.73,
790.72,
636.2,
561.96,
369.17,
271.83,
904.51,
754.65,
191.72,
340.08,
474.56,
437.55,
125.43,
555.67,
972.81,
492.53,
278.54,
214.99,
669.36,
941,
26.23,
274.1,
998.29,
618.06,
387.56,
13.06,
614.12,
494.04,
860.69,
61.77,
733.36,
369.6,
810.09,
522.47,
507.03,
2.95,
190.28,
832.65,
114.12,
783.61,
80.54,
508.67,
785.3,
103.99,
520.69,
92.48,
440.53,
180.03,
349.03,
973.54,
619.52,
517.82,
829.77,
722.08,
351.38,
63.12,
115.88,
975.24,
540.51,
55.9,
427.88,
493.85,
323.18,
57.18,
366.38,
671.21,
137.33,
458.74,
931.58,
26.42,
417.47,
41.85,
226.68,
454.06,
798.3,
545.88,
256.65,
442.73,
876.69,
424.42,
681.4,
22.14,
917.81,
57.86,
328.71,
300.98,
269.37,
813,
367.74,
709.67,
784.02,
485.28,
485.5,
173.2,
823.44,
652.15,
403.33,
172.46,
541.81,
247.28,
722.88,
591.75,
726.31,
50.13,
344.91,
910.96,
701.24,
278.18,
818.01,
520.05,
753.64,
720.49,
340.26,
65.44,
459.41,
903.74,
167.89,
442.94,
957.83,
703.96,
371.14,
237.76,
222.72,
344.12,
962.88,
483.05,
120.74,
626.07,
868.96,
384.27,
195.3,
551.01,
544.73,
410.11,
616.73,
298.17,
20.56,
951.06,
109.12,
245.69,
808.38,
455.09,
988.84,
974.43,
440.54,
675.74,
428.09,
878.07,
421.46,
322.23,
224.52,
289.62,
880.61,
622.5,
905.56,
153.02,
273.06,
263.17,
166.71,
442.46,
530.38,
696.74,
239.81,
323.15,
238.34,
684.06,
121.88,
974.39,
961.79,
574.25,
974.54,
142.57,
440.53,
118.98,
127.88,
940.19,
877.55,
673.33,
952.26,
293.09,
230.19,
838.05,
51.63,
516.28,
862.38,
472.8,
888.03,
203.63,
307.3,
252.86,
103.37,
339.41,
407.8,
393.33,
621.23,
256.39,
423.5,
905.19,
151.06,
809.85,
929.99,
710.31,
291.54,
968.44,
763.73,
653.17,
991.9,
244.38,
63.89,
199.86,
621.25,
234.13,
709.09,
791.72,
896.55,
292.92,
264.15,
836.26,
255.3,
914.39,
578.93,
790.51,
523.18,
204.89,
875.14,
377.85,
916.66,
678.22,
165.73,
172.51,
164.13,
823.11,
390.21,
273.61,
230.86,
596.89,
451.51,
807.96,
786.03,
140.65,
767.53,
431.25,
54.39,
656.81,
344.19,
629.31,
686.24,
80.16,
57.12,
195.73,
191.53,
750.32,
639.04,
198.72,
239.51,
821.72,
506.42,
936.01,
96.63,
215.97,
824.92,
116.37,
346.86,
94.57,
524.53,
957.05,
296.8,
399.25,
76.12,
205.26,
552.44,
358.58,
391.15,
109.48,
316.38,
549.34,
172.13,
636.79,
149.11,
605.76,
129.86,
276.32,
954.32,
189.88,
447.29,
727.35,
759.06,
290.17,
41.5,
411.92,
643.81,
619.29,
813.18,
185.88,
375.09,
716.75,
500.22,
333.84,
428.96,
60.24,
816.3,
868.12,
971.33,
753.43,
463.56,
229.78,
773.53,
524.64,
0.01,
421.71,
955.03,
133.91,
579.97,
709.03,
47.97,
194.18,
628.17,
518.27,
876.08,
717.77,
337.47,
943.5,
328.23,
112.26,
919.7,
56.68,
103.76,
933.4,
734.01,
181.23,
366.91,
737.67,
140.95,
39.4,
477.41,
128.74,
848.88,
970.81,
76.62,
88.42,
493.33,
875.68,
399.66,
789.84,
479.48,
196.91,
593.55,
551.24,
842.94,
109.52,
734.21,
321.02,
580.75,
779.17,
116.48,
503.26,
146.18,
979.23,
692.95,
46.27,
628.07,
184.7,
43.51,
33.57,
228.94,
344.21,
209.8,
175.34,
386.61,
387.2,
704.69,
427.07,
909.59,
636.8,
498.74,
259.89,
878.58,
981.53,
361.08,
473.97,
798.77,
917.15,
792.87,
882.23,
415.48,
770.57,
665.28,
433.73,
860.56,
457.39,
846.28,
366.19,
351.22,
169.95,
796.08,
549.54,
543.17,
45.37,
83.05,
620.16,
133.56,
20.8,
867.01,
787.91,
395.88,
122.72,
484.55,
505.8,
84,
660.91,
4.17,
21.31,
752.66,
172.49,
785.15,
344.47,
327.65,
610.92,
172.66,
315.89,
407.03,
313.81,
292.22,
293.77,
648.65,
491.86,
733.53,
922.6,
211.54,
883.68,
825.77,
146.97,
856.9,
564.21,
390.37,
854.52,
92.76,
463.18,
869.62,
686.25,
906.85,
428.23,
814.28,
552.53,
780.98,
670.75,
422.74,
84.35,
284.31,
879.07,
656.24,
389.92,
793.38,
5.11,
829.81,
189.94,
591.14,
602.27,
223.84,
266.59,
131.24,
291.32,
961.98,
941.12,
255.93,
39.3,
796.55,
863.05,
398.65,
356.98,
546.92,
808.32,
825.02,
84.48,
272.76,
671.77,
274.63,
523.46,
35.69,
725.64,
402.84,
409.24,
308.9,
356.19,
109.53,
970.47,
312.79,
491.01,
356.86,
792.93,
286.21,
715.1,
753.66,
32.27,
203.9,
156.99,
686.15,
915.84,
151.62,
738.41,
976.8,
345.77,
876.45,
589.65,
524.98,
662,
836.91,
3.7,
477.95,
71.41,
654.79,
521.99,
105.63,
483.06,
222.37,
76.87,
126.35,
706.07,
356.38,
465.21,
304.8,
95.69,
641.84,
58.12,
789.35,
855.07,
448.55,
217.4,
628.34,
374.13,
760.94,
700.34,
291.44,
908.85,
776.07,
706.48,
77.88,
777.65,
840.74,
940.36,
586.76,
22.94,
567.9,
383.33,
730.9,
758.93,
591.45,
197.62,
408.76,
266.82,
16.28,
688.08,
833.04,
513.56,
625.42,
204.2,
49.7,
475.06,
763.54,
678.68,
407.77,
355.96,
320.93,
122.23,
779.18,
702.73,
857.31,
973.22,
875.21,
787.81,
14.19,
64.1,
502.49,
176.55,
599.99,
873.03,
458.21,
486.77,
364.62,
245.72,
553.49,
344.94,
678.88,
201.94,
748.56,
900.87,
961.57,
434.15,
826.32,
616.81,
413.28,
709.47,
994.67,
95.12,
480.29,
601.17,
45.74,
811.58,
412.24,
853.18,
885.8,
369.3,
284.26,
702.08,
167.47,
665.94,
48.86,
255.8,
485.69,
842.69,
471.16,
714.26,
31.62,
269.63,
719.92,
976.46,
290.13,
481.16,
866.17,
836.19,
99.01,
650.13,
808.97,
838.89,
768.11,
13.98,
910.23,
468.92,
918.35,
169.68,
73.13,
551.11,
827.47,
570.56,
131,
95.06,
187.88,
683.86,
298.99,
568.76,
560.28,
307.5,
60.2,
524.38,
378.27,
458.34,
759.72,
887.2,
460.52,
459.58,
165.85,
828.25,
221.73,
673.87,
712.85,
626.89,
960.84,
330.58,
267.09,
146.21,
632.83,
870.62,
663.5,
693.48,
297.51,
584.89,
211.58,
948.2,
799.05,
928.62,
434.42,
752,
501.07,
959.79,
265.58,
5.48,
6.74,
266.33,
685.72,
655.16,
931.56,
170.6,
534.32,
399.84,
617.92,
866.17,
974.03,
174.71,
496.27,
185.48,
972.27,
715.52,
863.55,
318.03,
605.61,
550.8,
937.61,
677.66,
678.25,
881.86,
919.46,
95.37,
543.06,
698.9,
143.49,
563.52,
46.22,
23.61,
742.16,
835.31,
939.54,
709.26,
684.34,
404.58,
724.32,
497.14,
703.75,
689.59,
407.34,
480.74,
905.14,
825.18,
51.49,
199.91,
382.51,
912.39,
818.25,
670,
476.15,
286.45,
263.51,
628.67,
252.93,
569.55,
24.33,
827.34,
653.13,
195.89,
564.11,
720.87,
834.26,
875.8,
106.72,
153.82,
513.28,
388.83,
286.49,
225.56,
413.68,
667.38,
262.06,
15.37,
271.29,
202.57,
684.54,
932.25,
507.5,
152.28,
355.98,
153.74,
574.6,
431.83,
963.13,
41.22,
190.77,
206.7,
423.2,
714.23,
424.37,
255.65,
266.84,
726.95,
677.34,
321.14,
564.02,
210.86,
880.44,
60.59,
760.67,
999,
547.6,
455.23,
999.18,
733.67,
692.08,
445.29,
182.01,
912.44,
680.03,
785.21,
413.45,
925.42,
419.87,
760.96,
795.85,
525.25,
425.24,
670.33,
342.17,
985.06,
533.22,
195.89,
333.03,
905.14,
934.96,
491.85,
892.79,
948.99,
441.54,
262.7,
54.42,
332.96,
962.83,
67.94,
683.81,
285.79,
607.39,
156.91,
465.3,
687.18,
845.74,
681.84,
499.53,
923.14,
50.03,
100.45,
81.36,
932.79,
756.02,
354.94,
627.35,
426.21,
285.25,
63.19,
230.75,
742.63,
424.17,
706.36,
851.37,
399.95,
273.14,
198.55,
573.38,
10.5,
341.28,
407.99,
208.41,
658.81,
582.53,
202.21,
54.27,
63.99,
704.93,
572.06,
445.16,
417.26,
825.23,
493.33,
656.45,
842.73,
903.54,
999.09,
883.5,
838.84,
785.97,
922.23,
989.3,
864.21,
650.62,
910.57,
803.52,
191.34,
966.89,
73.27,
135.11,
493.79,
238.5,
951.47,
42.39,
646.45,
549.37,
402.02,
456.24,
220.27,
238.94,
422.98,
764.4,
720.85,
839.84,
178.71,
376.29,
657.5,
31.69,
706.5,
526.01,
352.29,
816.85,
638.57,
972.27,
668.04,
942.83,
56.69,
152.09,
97.4,
174.29,
559.65,
688.44,
887.95,
877.26,
235.79,
71.69,
344.03,
598.93,
377.85,
821.36,
535.22,
353.21,
338.47,
254.58,
778.5,
118.81,
720.24,
917.09,
809.5,
350.94,
314.67,
488.35,
953.18,
141.74,
860.56,
396.09,
199.43,
225.17,
406.37,
930.21,
605.86,
9.46,
550.38,
405.78,
998.82,
964.39,
153.01,
330.97,
249.04,
229.35,
117.31,
964.79,
275.19,
695.41,
843.97,
98.52,
971,
515.82,
236.67,
484.08,
128.57,
999.32,
809.99,
81.45,
814.1,
165.8,
886.22,
648.78,
22,
522.21,
71.59,
596.22,
340.98,
982.74,
731.18,
219.43,
350.47,
777.73,
140.41,
691.32,
594.37,
347.17,
432.21,
66.44,
221.39,
402.81,
938.23,
654.17,
490.48,
972.74,
67.44,
786.3,
520.07,
253.87,
579.87,
503.94,
693.94,
201.05,
812.85,
92.27,
970.8,
689.07,
496.85,
252.62,
728.98,
939.48,
789.59,
184.09,
184.43,
419.45,
285.12,
450.51,
332.4,
970.12,
699.01,
278.09,
175.94,
792.98,
550.26,
986.21,
791.63,
274.74,
818.2,
13.01,
945.17,
72.23,
346.19,
315.22,
383.66,
360.56,
416.05,
675.16,
718.7,
968.34,
883.85,
838.87,
200.17,
729.79,
473.85,
655.65,
471.36,
687.25,
181.58,
549.14,
114.22,
900.88,
235.99,
755.81,
388.15,
781.36,
497.59,
695.86,
730.74,
620.32,
195.42,
526,
426.3,
920.28,
748.24,
373.86,
671.1,
832.32,
650.02,
565.49,
468.78,
673.88,
768.56,
642.99,
970.11,
415.26,
778.22,
59.31,
600.09,
605.33,
988.33,
644.51,
932.63,
916.84,
666.97,
310.39,
137.16,
401.35,
195.5,
275.3,
606.38,
659.32,
777.74,
533.48,
872.7,
503.98,
502.33,
779.18,
954.81,
827.39,
71.31,
959.89,
481.67,
336.56,
838.56,
3.75,
634.29,
217.07,
607.58,
991.81,
657.59,
892.2,
942.58,
7.17,
747.32,
714.45,
877.68,
416.51,
622.39,
314.36,
99.66,
680.07,
811.87,
403.35,
182.42,
621.55,
925.32,
508.66,
90.59,
945.32,
994.97,
530.91,
770.35,
455.23,
763.67,
561.19,
690.71,
525.32,
458.09,
411.08,
712.12,
149.74,
603.07,
640.43,
930.48,
136.76,
386.07,
252.12,
204.63,
317.43,
779.62,
855.24,
478.42,
768.05,
951.29,
342.47,
229.81,
2.48,
810.03,
522.92,
899.76,
71.2,
79.51,
468.04,
946.09,
937.63,
176.88,
353.82,
933.48,
161.45,
240.47,
431.12,
967.75,
154.06,
865.35,
322.73,
696.6,
501.65,
482.4,
954.79,
199,
775.9,
202.75,
486.85,
178.39,
540.82,
543.74,
579.7,
660.7,
931.23,
444.08,
176.67,
671.07,
924.08,
893.3,
18.08,
7.95,
234.33,
542.86,
577.37,
752.16,
162.44,
472.15,
750.34,
11.05,
217.92,
631.9,
651.89,
811.95,
454.71,
714.83,
300.18,
110.06,
225.88,
499.45,
192.87,
337.01,
152.17,
819.19,
518.87,
873.11,
214.88,
283.87,
499.04,
78.3,
402.26,
325.47,
886.04,
322.12,
945.69,
503.27,
845.24,
457.13,
164.77,
607.67,
656.04,
436.89,
661.72,
855.57,
917.74,
756.94,
972.05,
736.8,
421.9,
547.38,
167.63,
250.78,
859.19,
222.84,
258.63,
23.22,
390.33,
534.35,
760.55,
650.87,
994.79,
61.68,
157.01,
629.65,
676.01,
511.75,
659.38,
68.46,
87.25,
215.53,
464.16,
646.94,
416.38,
413.12,
82.11,
209.9,
188.23,
854,
338.57,
707.22,
743.39,
834.48,
981.04,
322.17,
803.87,
243.08,
690,
914.98,
483.43,
435.59,
143.97,
708.68,
246.05,
188.55,
459.53,
513.11,
377.57,
833.44,
733.2,
84.52,
268.27,
272.44,
900.89,
902.63,
520.7,
310.67,
23.75,
14.59,
544,
342.12,
324.36,
681.81,
838.66,
307.05,
224.43,
372.55,
388.14,
879.07,
222.14,
398.36,
103.17,
641.99,
655.61,
11.71,
263.69,
132.59,
222.51,
756.84,
934.35,
41.14,
377.82,
597.54,
40.17,
874.51,
357.03,
473.13,
43.43,
888.64,
915.35,
775,
730.63,
666.83,
35.71,
748.04,
93.54,
627.41,
743.48,
428.03,
860.68,
583.09,
79.68,
785.54,
192.03,
656.68,
794.44,
400.37,
623.9,
835.64,
833.24,
632.8,
100.87,
572.44,
71.34,
748.21,
667.17,
283.2,
654.18,
102.54,
198.14,
687.06,
306.84,
282.08,
424.78,
100.24,
212.64,
825.84,
344.23,
182.51,
603.47,
48.62,
387.78,
42.93,
793.15,
759.5,
974.2,
772.85,
196.13,
943.03,
893.46,
212.42,
371.57,
489.22,
773.1,
340.28,
333.76,
7,
99.38,
12.29,
187.02,
372.71,
645.93,
957.49,
838.25,
11.8,
909.51,
505.43,
715.6,
148.29,
453.46,
864.75,
941.47,
193.15,
737.83,
352.65,
758.89,
729.03,
1.72,
224.79,
498.41,
881.25,
565.18,
671.32,
32.77,
346.17,
228.06,
314.38,
459.13,
760.65,
675.92,
807.42,
143.95,
296.56,
904.75,
188.88,
758.79,
495.4,
993.36,
855.15,
773.56,
583.86,
660.81,
757.94,
410.59,
873.84,
635.77,
798.99,
962.89,
162.05,
835.68,
298.31,
474.18,
176.86,
284.88,
961.53,
817.66,
956.51,
904.02,
272.79,
43.65,
807.43,
266.22,
277.61,
979.58,
118.78,
10.43,
733.1,
620.17,
492.81,
332.1,
975.24,
20.18,
595.72,
822.79,
195.14,
94.45,
387.97,
680.32,
655.65,
443.58,
989.14,
468.15,
686.08,
260.4,
596.41,
224.08,
314.43,
54.97,
700.31,
458.11,
116.03,
754.79,
855.27,
756.03,
259.69,
163.19,
151.14,
506.82,
852.41,
4.79,
923.08,
262.95,
810.26,
935.25,
613.88,
624.37,
19.54,
474.68,
862.05,
168.78,
674.85,
150.68,
485.55,
332.43,
652.34,
150.54,
138.46,
522.5,
467.12,
990.51,
719.48,
860.32,
113.04,
472.62,
729.19,
638.94,
917.43,
83.97,
472.49,
341.12,
133.85,
244.18,
891.62,
925.25,
195.28,
584.78,
634.54,
960.78,
66.39,
388.25,
235.71,
212.53,
275.09,
68.31,
961.83,
920.8,
777.24,
464.53,
54.12,
103.04,
584.76,
474.38,
520.14,
300.75,
207.59,
547.87,
412.55,
114.38,
62.56,
484.01,
211.07,
285.91,
743.5,
806.08,
106.08,
950.62,
488.81,
510.42,
296.29,
365.71,
614.46,
988.56,
258.54,
401.44,
123.42,
242.76,
675.21,
619.89,
43.67,
435.37,
48.54,
629,
360.52,
395.79,
773.86,
268.34,
23.98,
241.99,
816.09,
304.86,
488.67,
211.22,
38.94,
934.02,
295.71,
82.79,
370.4,
892.73,
180,
990.5,
113.68,
729.09,
529.43,
230.14,
74.44,
225.58,
508.92,
756.96,
527.49,
237.53,
982.07,
837.34,
155.35,
861.31,
51.9,
255.48,
155.29,
516.91,
532.62,
995.18,
928.06,
772.13,
859.38,
85.73,
147.68,
534.05,
406.58,
453,
876.46,
123.73,
764.43,
928.47,
556.27,
476.2,
484.55,
437.48,
108.29,
124.11,
632.54,
991.48,
779.5,
387.16,
457.15,
44.31,
533.3,
439.62,
580.34,
750.53,
284.87,
3,
855.48,
81,
424.97,
968.86,
362.09,
279.19,
590.79,
348.91,
955.1,
307.38,
842.65,
385.16,
613.15,
428.88,
488.31,
883.73,
825.58,
99.07,
293.33,
273.33,
190.65,
722.58,
129.06,
212.83,
565.02,
889.88,
573.57,
840.86,
552.9,
44.29,
491.6,
477.04,
574.29,
157.43,
44.85,
972.37,
229.14,
784.92,
744.85,
238.93,
647.81,
940.84,
220.73,
545.11,
603.19,
119.19,
907.21,
515.3,
861.08,
903.84,
447.55,
109.49,
14.95,
757.16,
592.02,
84.94,
511.99,
659.75,
368.3,
215.18,
262.03,
965.58,
517.1,
954.45,
103.83,
415.64,
140.43,
387.16,
400.36,
170.37,
145.12,
457.58,
657.52,
638.01,
635.49,
985.32,
344.58,
789.28,
945.45,
32.26,
916.21,
910.68,
849.53,
326.05,
930.28,
828.69,
522.56,
677.83,
530.93,
764.33,
788.47,
273.16,
106.1,
508.09,
272.2,
941.01,
683.26,
990.86,
816.35,
664.34,
755.11,
558.67,
932.61,
216.27,
835.6,
840.55,
129.68,
456.34,
684.05,
447.04,
216.78,
356.07,
646.48,
881.76,
109.4,
97.57,
450.16,
927.74,
178.81,
589.67,
636.81,
46.68,
102.55,
976.64,
156.28,
948.13,
163.43,
101.49,
404.09,
714.99,
19.52,
928.92,
133.43,
367.16,
977.52,
959.37,
624.53,
582.01,
294.19,
136.07,
339.01,
396.72,
784.34,
982.99,
891.15,
277.18,
507.24,
949.71,
886.65,
438.54,
683.13,
824.62,
656.54,
915.42,
762.23,
600.04,
594.88,
882.19,
546.97,
509.6,
477.48,
677.41,
290.01,
664.96,
317.06,
13.58,
866.31,
34.09,
711.29,
701.74,
990.76,
662.85,
101.23,
582.27,
859.01,
896.77,
779.45,
724.06,
141.31,
690.76,
937.44,
182.17,
568.36,
170.98,
597.33,
625.73,
864.99,
46.29,
300.03,
834.81,
3.75,
209.89,
0.15,
972.47,
269.76,
381.13,
98.18,
818.17,
844.28,
478.78,
297.92,
747.09,
96.24,
233.28,
610.74,
102.34,
97.85,
637.71,
825.44,
944.73,
139.05,
871.27,
517.78,
730.69,
725.11,
539.25,
495.87,
454.72,
538.43,
185.1,
776.39,
315.23,
779.42,
797.89,
39.03,
471.68,
321.43,
398.61,
395.71,
662.26,
755.18,
125.75,
707.22,
0.03,
332.55,
430.8,
806.76,
809.63,
903.35,
390.51,
551.09,
862.48,
857.81,
212.89,
899.52,
714.9,
256.43,
447.42,
141.29,
820.49,
849.18,
530.98,
633.52,
157.75,
866.95,
1.37,
29.62,
668.23,
890.82,
917.85,
70.95,
127.01,
210.1,
224.09,
810.37,
596.6,
903.59,
735.17,
597.11,
567.25,
994.54,
635.3,
915.43,
162.7,
805.82,
951.44,
798.19,
546.53,
477.38,
997.22,
711.43,
362.47,
0.49,
79.98,
966.87,
891.15,
13.12,
423.69,
34.16,
881.24,
274.07,
464.86,
989.33,
382.27,
698.44,
669.88,
762.79,
17.47,
56.76,
731.7,
990.43,
295.91,
776.05,
22.52,
547.84,
985.21,
522.46,
607.1,
815.85,
495.84,
681.53,
10.48,
338.42,
80.59,
744.94,
914.61,
413.72,
39.92,
744.19,
564.71,
546.52,
761.71,
427.38,
12.41,
919.52,
332.22,
57.61,
711.82,
287.76,
765.41,
999.66,
88.24,
731.82,
741.15,
571.6,
677.05,
690.88,
601.58,
787.64,
309.23,
823.19,
60.24,
19.7,
606.39,
422.33,
595.31,
125.67,
27.31,
558.74,
83.56,
367.01,
903.79,
113.41,
815.58,
204.16,
629.92,
770.01,
389.7,
278.43,
87.44,
900.12,
765.39,
792.3,
575.19,
399.08,
275.55,
955.49,
165.39,
27.02,
453.24,
698.71,
501.29,
983.74,
85,
735.19,
165.77,
385.33,
937.89,
749.24,
696.19,
928.57,
181.51,
504.94,
848.04,
550.68,
960.29,
486.69,
544.91,
69.05,
667.85,
525.75,
323.7,
500.64,
446.91,
581.72,
754.7,
362.9,
664.74,
714.01,
335.7,
992.84,
662.52,
146.86,
34.38,
356.55,
311.06,
41.58,
370.69,
68.07,
753.85,
151.84,
91.9,
730.06,
883.72,
636.79,
449.15,
82.76,
369.55,
699.68,
837.94,
858.37,
73.19,
79.73,
277.32,
921.5,
912.19,
979.32,
342.88,
947.53,
943.48,
217.07,
611.55,
716.66,
72.54,
406.49,
160.72,
385.18,
869.44,
167.32,
706.83,
593.2,
568.05,
857.67,
794.51,
242.88,
130.92,
994.16,
293.47,
148.07,
543.34,
805.48,
511.52,
792.2,
278.9,
253,
338.92,
937.58,
567.45,
760.35,
265.59,
481.48,
498.81,
557.05,
307.39,
594.76,
486.51,
779.96,
688.25,
679.48,
295.47,
108.95,
943.27,
978.73,
835.52,
54.02,
778.22,
4.73,
169.55,
14.69,
732.61,
514.92,
604.21,
673.67,
459.86,
624.07,
690.71,
665.19,
30.21,
870.94,
823.55,
10.4,
371.22,
825.54,
607.69,
219.67,
140.19,
321.34,
915.88,
978.69,
553.44,
55.62,
608.16,
752.77,
231.02,
200,
856.08,
256.08,
921,
668.5,
972.47,
774.1,
599.21,
774.93,
612.61,
772.19,
427.38,
320.56,
966.2,
347.83,
754.03,
213.46,
321.03,
833.46,
404.17,
435.46,
47.1,
844.14,
413.56,
533.95,
892.66,
790.51,
429.8,
556.52,
619.01,
237.15,
338.65,
885.25,
74.5,
272.15,
466.45,
487.29,
694.96,
643.22,
18.42,
922.01,
164.48,
130.38,
805.03,
209.22,
146.75,
433.02,
486.4,
620.64,
20.86,
495.32,
216.74,
551.41,
336.94,
902.38,
259.89,
494.45,
789.59,
380.06,
229.91,
462.29,
832.2,
348.1,
620.91,
792.27,
328.4,
522.93,
476.14,
238.31,
442.56,
833.11,
607.96,
733.2,
368.11,
480.08,
753.01,
674.45,
279.83,
519.8,
634.52,
904.6,
421.61,
913.66,
344.28,
604.86,
599.21,
110.81,
221.71,
91.72,
660.5,
806.85,
215.72,
839.34,
869.6,
94.11,
246.64,
9.4,
779.7,
117.1,
229.5,
429.99,
137.18,
478.08,
326.18,
108.97,
560.76,
942.55,
911.77,
29.77,
133.61,
445.06,
600.71,
587.35,
798.98,
908.76,
293.1,
633.55,
944.76,
23.16,
567.38,
957.57,
391.58,
587.94,
74.88,
556.66,
261.97,
587.96,
669.12,
895.5,
733.35,
850.53,
424.34,
916.25,
556.24,
449.63,
209.45,
890.45,
63.65,
586.79,
45.65,
800.71,
432.55,
243.52,
608.7,
506.83,
404.57,
382.54,
650.92,
459.64,
60.58,
514.25,
348.5,
196.02,
206.89,
844.01,
798.48,
700.34,
666.11,
660.28,
4.94,
198.77,
150.99,
551.16,
815.63,
340.22,
731.43,
362.21,
922.31,
676.81,
739.99,
493.66,
640.93,
782.58,
508.97,
272.1,
465.36,
113.02,
75.37,
884.74,
618.68,
537.83,
614.81,
803.48,
278.31,
843.44,
569.76,
714.3,
897.86,
924.14,
291.97,
779.81,
583.57,
840.25,
485.37,
679.76,
374.14,
125.47,
300.09,
0.29,
391,
121.45,
334.87,
554.16,
333.3,
887.2,
944.25,
197.39,
809.02,
483.2,
750.64,
998.56,
581.98,
85.22,
460.08,
276.92,
104.38,
2.25,
841.43,
785.22,
133.08,
837.56,
611.01,
481.69,
336.23,
572.94,
376.02,
282.3,
65.2,
192.17,
154.48,
640.61,
891.34,
214.17,
587.25,
593.87,
799.62,
67.35,
286.83,
489.47,
639.64,
271.58,
278.91,
563.74,
744.68,
570.89,
617.69,
538.75,
814.39,
608.52,
7.54,
176.89,
447.65,
611.79,
330.97,
122.17,
289.83,
282.74,
629.3,
934.42,
915.45,
510.19,
613.37,
915.7,
837.6,
119.97,
429.28,
963.64,
733.39,
731.44,
293.23,
307.54,
609.67,
424.65,
384.06,
439.01,
649.69,
786.85,
65.24,
972.38,
796.37,
195.62,
609.87,
910.17,
873.2,
135.42,
54.96,
20.04,
942.79,
219.22,
657,
577.29,
692.11,
346.74,
391.48,
11.65,
896.55,
981.38,
314.12,
759.77,
5.48,
20.43,
313.05,
501.68,
433.89,
778.71,
268.2,
521.94,
794.16,
706.73,
584.99,
617.35,
62.35,
687.37,
821.25,
195.82,
831.09,
4.81,
475.89,
655.43,
283.96,
522.08,
871.89,
502.09,
688.42,
189.41,
249.87,
64.59,
563.61,
472.1,
660.47,
627.18,
727.97,
175.43,
78.83,
49.04,
92.29,
349.22,
821.78,
797.64,
851.98,
20.91,
467.11,
153.38,
216.89,
442.01,
505.17,
479.42,
470,
102.09,
442.81,
193.39,
734.06,
426.44,
953.79,
99.89,
61.91,
399.8,
637.48,
831.27,
729.74,
533.55,
574.71,
458.82,
565.99,
135.79,
240.65,
595.63,
745.72,
847.98,
568.51,
48.79,
752.24,
819.22,
718.53,
326.98,
444.87,
510.68,
738.68,
534.75,
487.76,
204.58,
158.59,
278.19,
125.38,
764.29,
747.3,
966.46,
440.36,
474.72,
205.39,
248.26,
465.29,
842.72,
472.97,
196.85,
96.54,
548.62,
248.13,
51.01,
907.19,
873.16,
786.71,
917.99,
162.84,
501.71,
446.86,
33.77,
858.78,
376.92,
914.8,
912.07,
92.13,
79.62,
742.58,
21.45,
544.66,
980.25,
742.47,
43.5,
63.2,
102.72,
135.16,
945.52,
374.3,
830.54,
563.36,
933.13,
302.74,
370.98,
142.52,
308.94,
650.15,
752.26,
62.73,
63.89,
587.48,
693.57,
108.76,
68.03,
580.33,
377.56,
373.72,
330.76,
661.06,
906.62,
380.05,
427.13,
758.01,
695.74,
580.33,
935.61,
148.78,
846.18,
992.12,
999.86,
73.82,
548,
310.92,
735.38,
616.45,
7.33,
377.49,
719.39,
930.17,
164.88,
146.99,
366.28,
452.3,
927.73,
353.06,
696.59,
977.95,
550.25,
609.25,
684.57,
284.43,
524.43,
538.97,
761.99,
59.49,
157.94,
648.36,
945.24,
553.91,
771.14,
341.06,
998.16,
106.97,
887.16,
423.31,
751.41,
888.93,
70.08,
95.26,
159.9,
965,
316.02,
682.42,
266.69,
91.7,
117.06,
105.93,
116.03,
415.07,
265.19,
612.65,
756.12,
214.67,
431.29,
52.02,
111.31,
74.94,
596.98,
353.4,
414.09,
5.72,
9.76,
30.19,
118.54,
410.23,
762.16,
162.39,
621.97,
896.47,
779.03,
740.84,
845.91,
420.73,
494.25,
826.74,
105.42,
278.35,
368.99,
681.2,
257.87,
844.32,
195.66,
187.62,
868.36,
540.41,
998.45,
300.92,
907.83,
119.83,
168,
393.17,
322.29,
739.02,
942.07,
569.64,
937.73,
604.83,
305.97,
379.49,
804.06,
438.96,
39.56,
652.43,
92.95,
514.81,
998.22,
480.51,
836.69,
812.72,
361.58,
524.84,
883.79,
942.29,
675.25,
902.54,
719.95,
350.71,
581.77,
467.64,
320.16,
965.25,
381.5,
348.99,
406.67,
622.17,
198.82,
45.34,
353.29,
668.47,
623.81,
636.2,
648.29,
334.4,
23.11,
851.81,
478.23,
483.11,
292.74,
711.18,
159.22,
816.42,
664.35,
596.76,
282.02,
842.81,
95.08,
335.25,
936.25,
488.66,
537.24,
56.29,
309.32,
229.02,
461.96,
805.97,
381.75,
370.67,
183.19,
278.46,
292.17,
480.05,
809.76,
7.7,
830.94,
889.48,
945.8,
204.21,
135.07,
199.15,
780.73,
58.56,
464.17,
174.99,
466.65,
468.66,
206.06,
322.08,
180.56,
171.81,
902.98,
390.62,
196.19,
546.01,
957.63,
362.47,
719.41,
167.71,
976.96,
212.64,
3.27,
213.36,
855,
661.82,
905.52,
601.89,
542.95,
518.05,
60.91,
926.83,
663.49,
208.3,
653.56,
408.4,
60.68,
179.04,
862.71,
308.29,
993.57,
620.56,
553.94,
442.32,
708.01,
569.32,
737.02,
501.52,
861.26,
970.47,
945.69,
587.45,
766.91,
919.1,
503.35,
917.4,
106.92,
455.81,
501.64,
581.72,
504.01,
289.02,
729.6,
652.05,
482.48,
662.32,
877.57,
788.31,
204.4,
849.92,
594.71,
567.17,
218.4,
289.62,
426.02,
392.87,
989.99,
193.81,
622.25,
614.76,
937.71,
482.05,
363.67,
510.72,
335.64,
609.41,
477.16,
666.61,
317.36,
509.96,
905.8,
406.35,
299.39,
670.97,
513.73,
809.61,
614.85,
883.92,
927.83,
555.09,
352.34,
35.38,
12.05,
853.32,
957.14,
65.61,
30.32,
138.11,
93.49,
986.59,
124.68,
922.96,
302.2,
457.28,
35.6,
391.89,
734.16,
565.27,
983.53,
770.97,
226.01,
707.23,
627.97,
972.42,
953.13,
209.87,
989.45,
479.08,
812.71,
206.44,
286.24,
130.44,
195.95,
505.06,
149.83,
916.95,
80.22,
873.73,
665.7,
723.25,
445.67,
900.07,
975.55,
971.81,
25.78,
270.78,
269.16,
13.63,
311.78,
950.26,
755.96,
665.77,
347.42,
543.88,
414.89,
19.87,
599.35,
848.15,
697.3,
122.04,
535.57,
788.05,
709.97,
813.36,
907.68,
467.96,
797.52,
106.71,
849.35,
751.23,
634.89,
398.62,
530.64,
387.26,
746.12,
665.41,
242.71,
989.18,
826.71,
643.19,
428.23,
407.97,
573.59,
42.69,
65.12,
93.27,
979.37,
460,
905.44,
325.69,
920.17,
428.39,
877,
293.73,
821.65,
592.88,
583.13,
115.07,
540.59,
978.12,
175.65,
102.93,
70.29,
495.1,
937.55,
303.94,
987.02,
153.78,
90.46,
665.3,
769.71,
985.74,
822.44,
208.06,
392.7,
650.75,
230.63,
299.35,
825.51,
940.31,
253.44,
329.94,
547.42,
640.71,
845.55,
373.76,
921.36,
25.81,
59.27,
833.49,
593.81,
155.93,
935.19,
362.96,
223.8,
253.68,
792.21,
485.33,
181.95,
823.17,
781.95,
864.01,
180.28,
700.58,
479.27,
208.5,
474.5,
41.61,
318.14,
817.84,
635.85,
217.54,
575.84,
803.94,
693.39,
836.4,
743.05,
521,
73.42,
145.93,
221.24,
453.14,
177.64,
683.05,
539.12,
873.61,
690.94,
252.34,
125.06,
255.48,
924.6,
139.84,
908.51,
30.49,
803.57,
43.28,
582.21,
388.34,
865.3,
390.07,
175.89,
444.49,
393.35,
967.94,
185.93,
233.85,
865.61,
859.12,
716.27,
953.07,
715.68,
43.57,
671.75,
957.71,
401.95,
605.1,
280.05,
422.3,
661.48,
966.2,
519.5,
703.24,
624.49,
268.81,
623.78,
722.24,
315.89,
173.1,
230.13,
294.2,
728.5,
255.33,
621.81,
573.07,
184.3,
638.02,
660.39,
166.93,
894.74,
340.39,
767,
745.9,
908.35,
951.12,
580.22,
202.71,
96.45,
266.12,
910.77,
170.64,
299.23,
535.44,
853.69,
889.18,
825.33,
537.05,
134.3,
394.42,
776.19,
10.36,
880.56,
750.49,
358.77,
499.73,
851.7,
752.44,
615.76,
701.61,
752.48,
727.71,
937.14,
193.16,
883.67,
105.14,
132.01,
851.21,
354.02,
293.72,
646.76,
476.4,
528.19,
600.05,
603.42,
71.98,
587.64,
758.09,
343.48,
979.33,
926.18,
551.97,
686.51,
695.17,
18.57,
816.37,
441.27,
905.09,
671.96,
506.58,
61.62,
359.69,
753.51,
807.39,
917.13,
114.89,
678.54,
96.81,
547.04,
450.19,
137.61,
460.2,
455.05,
54.17,
404.43,
750.65,
110.53,
126.46,
33.66,
59.93,
211.52,
158.68,
289.53,
232.62,
721.78,
157.85,
31.15,
263.73,
871.03,
846.15,
87.21,
760.41,
195.79,
566.34,
728.69,
583.5,
118.24,
429.74,
786.46,
788.89,
392.82,
882.46,
177.9,
84.15,
349.63,
590.07,
546.13,
86.35,
185.07,
764.32,
508.32,
669.54,
671.57,
712.53,
519.94,
306.85,
934.72,
154.64,
178.64,
212.66,
456.86,
226.11,
985.87,
32.22,
390.55,
743.63,
152.87,
822.62,
817.55,
962.81,
256.31,
797.97,
723.08,
31.43,
99.89,
642.92,
550.75,
769.7,
332.79,
687.33,
226.01,
775.79,
550.79,
29.38,
90.09,
877.26,
727.25,
618.71,
111.23,
688.11,
492.67,
9.24,
226.83,
880.92,
151.36,
934.22,
461.39,
951.53,
835.18,
205.07,
255.55,
566.83,
447.79,
846.23,
677.43,
396.01,
690.28,
705.68,
3.84,
148.81,
552.51,
978.76,
665.97,
525.98,
170.53,
690.18,
610.26,
407.81,
672.02,
278.18,
172.87,
644.31,
20.96,
453.11,
213.49,
0.29,
833.03,
268.86,
185.77,
509.48,
614.98,
375.75,
202.46,
240.34,
781.66,
641.09,
172.77,
40.08,
300.07,
183.8,
311.02,
790.48,
530.85,
183.54,
730.11,
805.99,
730.42,
555.86,
46.41,
840.13,
449.85,
446.34,
148.5,
537.37,
126.05,
903.84,
404.27,
703.77,
957.11,
141.27,
0.66,
493.3,
678.82,
741.22,
71.14,
947.31,
892.17,
60.98,
38.25,
842.1,
846.46,
1.87,
729.26,
490.14,
321.57,
11.51,
984.94,
905.48,
909.66,
176.39,
813.35,
651.31,
871.12,
769.19,
155.94,
193.25,
113.93,
76.54,
352.76,
922.2,
274.83,
287.19,
330.32,
292.34,
240.24,
299.09,
634.81,
186.38,
596.05,
842.82,
962.09,
307.87,
362.74,
613.72,
124.97,
279.94,
390.49,
243.27,
899.08,
201.78,
331.88,
389,
861.28,
282,
982.79,
354.55,
588.48,
277.23,
253.11,
706.67,
455.13,
948.07,
326.32,
993.72,
955.73,
64.02,
694.26,
900.19,
674.59,
872.3,
225.79,
56.52,
452.06,
937.97,
568.41,
988.18,
379.62,
161.98,
979.65,
542.58,
366.22,
492.17,
532.26,
668.88,
495.62,
302.15,
975.66,
546.54,
186.31,
778.06,
999.39,
288.57,
751.31,
899.26,
151.86,
202.35,
364.33,
357.47,
477.28,
699.93,
95.55,
71.59,
259.57,
908.47,
344.78,
604.88,
424.22,
789.11,
42.36,
700.23,
574.21,
422.5,
542.42,
289.24,
717.79,
21.16,
225.27,
872.92,
518.8,
298.55,
830.36,
103.85,
957.17,
953.06,
48.99,
408.44,
242.76,
131.98,
723.53,
726.05,
813.51,
576.62,
622.78,
160.24,
586.67,
941.65,
44.05,
438.68,
70.55,
510.41,
628.62,
142.6,
330.17,
822.88,
986.11,
152.32,
13.46,
515.72,
21.97,
589.75,
705.81,
265.64,
234.32,
424.56,
324.24,
336.93,
40.79,
987.07,
241.47,
731.92,
476.61,
445.21,
694.52,
44.4,
891.31,
276.93,
665.31,
937.34,
65.4,
912.27,
722.62,
461.98,
968.27,
949.53,
514.72,
608.66,
808.43,
665.27,
937.35,
17.1,
112.37,
645.26,
925.88,
717.15,
798.7,
949.19,
250.46,
680.87,
803.32,
408.71,
506.25,
705.4,
514.54,
448.37,
680.17,
901.64,
561.97,
119.61,
707.11,
489.74,
947.35,
544.05,
298.11,
662.66,
111.62,
865.37,
783.25,
561.86,
343.02,
947.9,
736.5,
956.63,
292.33,
296.61,
602.67,
602.68,
812.85,
539.19,
384.79,
922.69,
560.4,
161.86,
771.34,
593.8,
17.4,
813.76,
309.19,
711.35,
164.47,
717.8,
67.37,
606.75,
4.75,
800.65,
571.21,
345.28,
628.31,
743.35,
622,
559.93,
973.99,
864.71,
652.4,
367.91,
267.53,
296.25,
683.15,
251.62,
582.22,
576.76,
674.97,
658.15,
658.3,
943.04,
291.98,
430.86,
255.7,
381.2,
791.87,
34.85,
397.9,
238.89,
342.04,
325.02,
978.38,
50.77,
357.38,
845.88,
985.78,
93.72,
518.46,
398.88,
915.47,
25.5,
352.94,
193.02,
994.07,
201.75,
119.66,
668.57,
665.75,
600.87,
406.95,
962.96,
984.31,
790.68,
153.82,
887.38,
291.96,
508.1,
21.85,
458.1,
967.91,
375.55,
140.08,
891.38,
115.17,
504.66,
518.42,
807.96,
500.33,
515.43,
583.93,
997.95,
749.26,
674.5,
903.08,
803.47,
63.68,
595.62,
384.67,
33.49,
785.41,
756.95,
685.77,
657.02,
536.28,
341.1,
463.85,
961.85,
841.1,
529.89,
129.58,
659.3,
958.82,
165.4,
914.52,
496.96,
590.24,
912.6,
644.61,
778.85,
773.12,
328.51,
349.66,
222.11,
535.39,
804.32,
993.98,
232.2,
698.03,
281.85,
919.26,
645.01,
120.31,
606.75,
81.63,
425.95,
579.58,
936.06,
265.89,
3.03,
455.44,
572.25,
397.45,
114.96,
119.45,
487.23,
274.54,
510.73,
355.57,
299.41,
360.95,
250.65,
695.77,
16.73,
897.02,
999.11,
730.36,
652.8,
146,
923.26,
881.28,
843.98,
291.41,
83.7,
68.82,
988.93,
203.54,
466.65,
136.6,
937.87,
870.85,
543.39,
898.45,
685.55,
174.96,
846.24,
876.61,
346.92,
136.56,
177.76,
629.51,
967.24,
811.39,
440.78,
939.81,
231.84,
382.48,
905.43,
732.49,
288.48,
433.19,
906.17,
895.81,
947.94,
554.48,
706.12,
581.76,
315.87,
487.7,
3.83,
116,
642.06,
434.99,
356.96,
3.28,
718.82,
389.38,
91.77,
221.36,
651.74,
954.01,
937.86,
392.5,
940.74,
986.52,
623.16,
870.51,
979.94,
278.93,
754.26,
192.24,
30.49,
98.24,
7.45,
35.32,
175.46,
5.53,
741.74,
852.45,
221.78,
505.7,
126.54,
875.93,
578.07,
236.73,
465.34,
595.2,
338.48,
854.23,
565.02,
156.3,
112.11,
10.92,
836.31,
414.89,
465.18,
816.08,
472.48,
307.45,
481.6,
941.64,
899.63,
960.47,
906.98,
511.22,
588.13,
32.19,
837.25,
523.07,
165.96,
356.57,
314.32,
68.02,
670.17,
37.76,
62.48,
873.92,
21.49,
718,
972.58,
64.02,
585.01,
521.28,
492.31,
745.69,
363.38,
842.16,
73.14,
982.07,
252.02,
142.82,
970.12,
652.14,
395.91,
812.38,
509.39,
555.35,
791.56,
452.91,
609.59,
919.39,
821.05,
116.78,
569.56,
372.79,
589.47,
535.03,
31.13,
525.88,
857.87,
830.63,
339.76,
834.31,
883.15,
331.9,
359.36,
221.27,
928.74,
487.35,
110.48,
493.16,
978.71,
391.96,
922.22,
390.32,
807.28,
859.76,
657.58,
909.89,
282.69,
399.54,
15.82,
4.76,
159.59,
922.05,
251.64,
458.03,
224.56,
391.8,
198.08,
928.62,
304,
143.95,
148.56,
396.39,
727.62,
694.1,
339.59,
451.98,
750.39,
459.64,
999.8,
86.21,
112.1,
304.24,
35.51,
456.75,
439.05,
471.84,
129.84,
521.62,
619.91,
545.4,
649.96,
68.94,
555.62,
823.41,
993.64,
284.19,
562.09,
15.35,
360.02,
750.71,
879.76,
254.37,
110.79,
76.69,
922.71,
330.94,
8.08,
721.3,
520.5,
187.63,
410.45,
94.48,
213.52,
853.93,
799.42,
603.45,
901.59,
476.87,
383.55,
494.5,
956.54,
409.49,
125.99,
733.66,
185.63,
0.07,
731.81,
406.86,
71.03,
719.81,
440.06,
589.59,
795.52,
596.84,
530.7,
854.44,
735.2,
492.95,
902.18,
959.97,
168.72,
207.32,
88.52,
862.14,
61.02,
678.37,
920.98,
983.23,
913.3,
795.65,
653.82,
626.36,
624.12,
644.1,
29.88,
813.59,
201.47,
443.7,
338.2,
142.28,
529.15,
398.54,
836.04,
407.33,
534.46,
384.61,
778.32,
135.45,
658.4,
536.61,
496.64,
489.24,
838.12,
9.26,
80.68,
904.91,
450.17,
181.98,
196.74,
129.66,
380.2,
492.73,
396.23,
450.5,
106.23,
375.18,
604.35,
657.55,
878.86,
629.84,
381.29,
850.92,
212.05,
159.1,
839.01,
934.39,
703.39,
688.66,
21.11,
762.84,
674.4,
394.32,
48.46,
331.24,
705.01,
454.72,
888.12,
557.11,
734.57,
601.5,
478.32,
800.04,
371.44,
820.06,
180.88,
491.97,
761.39,
497.39,
695.01,
917.77,
518.78,
365.12,
42.99,
539.39,
520.7,
522.64,
8,
692.57,
285.75,
494.5,
212.34,
846.2,
660.33,
310.52,
97.47,
295.09,
652.88,
110.63,
470.32,
785.59,
113.45,
824.16,
63.96,
300.87,
264.48,
932.14,
92.61,
523.17,
37.34,
889.76,
598.49,
582.06,
211.15,
728.08,
15.24,
199.81,
951.13,
822.91,
118.26,
294.4,
912.3,
209.58,
784.94,
563.8,
193.62,
979.7,
648.44,
186.12,
942.26,
238.83,
989.75,
712.65,
928.75,
758.9,
811.92,
161.95,
788.47,
872.07,
245.74,
296.61,
511.91,
83,
16.7,
514.82,
137.15,
626.84,
878.47,
403.37,
799.86,
53.66,
0.49,
951.4,
738,
643.43,
245.02,
374.05,
662.04,
898.52,
777.82,
278.6,
369.2,
351.94,
524.75,
875.31,
451.92,
637.69,
140.11,
629.06,
176.5,
76.72,
332.71,
244.74,
18.5,
844.74,
50.92,
628.01,
862.69,
44.95,
539.21,
10.76,
926.78,
200.46,
520.78,
461.46,
253.75,
883.08,
322,
239.9,
676.55,
898.74,
189.9,
750.76,
995.72,
440.81,
544.33,
570.66,
931.39,
240.83,
985.99,
793.6,
310.31,
751.96,
992.26,
410.86,
861.81,
989.15,
721.56,
480.67,
501.99,
379.63,
159.34,
188.65,
612.42,
706.98,
501.3,
510.95,
976.01,
521.03,
812.96,
503.66,
836.68,
804.87,
280.76,
386.06,
568.14,
418.62,
846.4,
192.67,
109.05,
680.07,
265.9,
496.71,
618.28,
305.22,
37.13,
65.63,
106.26,
357.83,
968.31,
213.48,
550.85,
789.85,
639.61,
620.94,
489.04,
85.49,
74.18,
104.19,
87.49,
21.52,
943.95,
467.19,
599.27,
203.18,
989.57,
970.07,
356.3,
666.49,
257.42,
379.41,
597.11,
397.02,
720.34,
585.78,
535.05,
871.36,
475.07,
291.34,
905.65,
731.45,
839.11,
951.62,
869.88,
293.4,
479.1,
462.27,
292.25,
671.18,
773.12,
679.25,
883.68,
906.04,
982.66,
20.85,
500.58,
992.02,
103.2,
216.88,
302.96,
744.47,
851.19,
261,
790.53,
486.57,
359.24,
771.67,
299.7,
909.27,
73.34,
202.51,
937.2,
666.84,
112.33,
770.34,
407.57,
152.62,
92.45,
163.03,
182.12,
199.35,
659.43,
9.13,
627.3,
875.34,
514.28,
476.31,
974.6,
797.35,
105.59,
358.96,
914.65,
780.25,
81.27,
427.19,
143.33,
244,
231.91,
646.17,
591.68,
726.64,
589.32,
419.99,
244.37,
56.86,
92.07,
146.09,
619.33,
622.54,
879.43,
52.12,
587.39,
159.43,
178.59,
64.59,
22.73,
262.93,
386.08,
838.01,
446.56,
501.2,
754.32,
285.85,
375.74,
80.38,
865.04,
875.77,
104.75,
984.63,
110.22,
612.59,
388.83,
585.27,
654.36,
524.77,
192.82,
419.57,
131.34,
826.93,
633.68,
490.83,
176.26,
949.19,
224.1,
55.21,
877.28,
698.72,
82.55,
175,
128.7,
104.41,
132.28,
976.65,
577.26,
542.86,
182.09,
620.77,
999.48,
660.14,
29.76,
994.46,
785.47,
371.01,
881.51,
229.44,
425.81,
844.49,
751.6,
128.44,
780.84,
744.09,
875.46,
415.49,
36.71,
355.05,
947.06,
372.36,
747.73,
194.1,
526.89,
455.47,
12.29,
589.55,
606.13,
279.74,
196.45,
780.69,
120.92,
486.9,
291.65,
187.58,
337.01,
464.17,
213.35,
950.86,
382.29,
71.55,
420.03,
603.93,
632.45,
996.78,
770.12,
339.96,
383.53,
689.44,
13.19,
37.15,
384.99,
740.5,
187.35,
941.21,
130.9,
858.79,
767.32,
255.97,
286.57,
275.32,
858.52,
305.07,
552.25,
935.81,
333.94,
493.05,
473.87,
337.24,
384.08,
352.14,
545.42,
671.3,
217.18,
355.45,
998.69,
585.66,
738.96,
710.42,
544.08,
950.41,
837.84,
78.64,
87.83,
294.01,
14.41,
907.38,
426.78,
622.34,
684.86,
852.15,
365.65,
158.54,
440.79,
153.93,
995.24,
676.57,
936.36,
655.98,
535.57,
609.17,
487.95,
46.71,
460.44,
581.56,
451.21,
675.01,
709.91,
304.06,
944.9,
711.35,
756.46,
550.76,
619.15,
241.5,
628.66,
82.71,
318.11,
865.08,
613.19,
125.23,
541.86,
994.48,
949.14,
889.31,
977.2,
475.69,
860.31,
693.52,
307.48,
640.33,
268.79,
907.52,
570.64,
35.84,
844.85,
50.01,
714.77,
476.66,
971.11,
478.83,
905.12,
538.44,
570.73,
256.83,
555.65,
114.55,
914.59,
367.7,
922.23,
209.48,
387.46,
63.62,
500.1,
604.74,
231.79,
711.25,
516.84,
821.94,
307.83,
405.24,
76.39,
162.86,
182.01,
504.56,
616.37,
481.66,
140.91,
417.75,
371.95,
84.52,
175.2,
428.38,
460.02,
79.47,
521.99,
451.89,
120.63,
282.04,
944.6,
91.28,
752.43,
655.29,
857.52,
407.09,
733.1,
596.12,
502.21,
780.86,
857.5,
453.21,
912.82,
354.53,
947.15,
575.57,
243.77,
806.7,
527.38,
266.2,
981.52,
310.11,
170.68,
425.69,
849.28,
8.73,
995.19,
707.25,
702.1,
72.39,
5.79,
847.61,
677.35,
268.35,
1.85,
884.99,
503.45,
55.57,
540.88,
763.11,
740.36,
646.15,
187.48,
733.76,
952.74,
752.14,
977.1,
519.74,
422.37,
379.56,
136.71,
786.96,
541.42,
823.42,
115.26,
258.01,
350.57,
402.4,
130.95,
33.66,
217.34,
96.62,
81.46,
729.75,
909.67,
139.58,
980.16,
67.56,
735.03,
492.71,
392.79,
828.24,
172.64,
27.54,
769.63,
397.03,
133.43,
664.98,
607.6,
257.19,
42.49,
136.31,
240.91,
341.76,
289.18,
252.87,
806.68,
722.43,
429.23,
900.85,
53.49,
466.86,
330.79,
300.81,
909.58,
154.78,
296.71,
261.15,
800.94,
563.92,
500.64,
881.32,
342.46,
36.69,
465.7,
113.59,
726.28,
376.33,
299.12,
115.54,
620.87,
44.41,
488.13,
263.95,
414.93,
617.88,
131.36,
281.94,
175.43,
145.27,
500.03,
417.34,
422.96,
230.92,
735.41,
904.46,
850.44,
13.57,
48.17,
133.29,
321.06,
812.16,
373.61,
145.9,
463.46,
711.9,
572.42,
741.19,
515.93,
248.17,
548.09,
830.87,
684.62,
2.57,
424.85,
300.02,
904.9,